ID	chr	start	end	nmark	log2r	width	state
HeDe_WGS	chr1	0	2080000	90	-0.8378	2080000	loss
HeDe_WGS	chr1	2100000	2280000	10	0.3858	180000	neutral
HeDe_WGS	chr1	2300000	3120000	42	-0.9004	820000	loss
HeDe_WGS	chr1	3140000	4240000	41	0.2159	1100000	neutral
HeDe_WGS	chr1	4260000	5140000	45	0.8764	880000	gain
HeDe_WGS	chr1	5160000	5860000	36	0.2992	700000	neutral
HeDe_WGS	chr1	5880000	8420000	124	-0.1459	2540000	neutral
HeDe_WGS	chr1	8440000	11000000	129	0.4555	2560000	gain
HeDe_WGS	chr1	11020000	13860000	143	-0.636	2840000	loss
HeDe_WGS	chr1	13880000	18020000	208	0.3266	4140000	neutral
HeDe_WGS	chr1	18040000	18520000	25	-0.7135	480000	loss
HeDe_WGS	chr1	18540000	18640000	6	0.8489	100000	gain
HeDe_WGS	chr1	18660000	18760000	6	-0.7478	100000	loss
HeDe_WGS	chr1	18780000	19120000	18	0.5036	340000	gain
HeDe_WGS	chr1	19140000	20240000	56	-0.3866	1100000	neutral
HeDe_WGS	chr1	20260000	20340000	5	0.883	80000	gain
HeDe_WGS	chr1	20360000	20800000	23	-0.3832	440000	neutral
HeDe_WGS	chr1	20820000	23380000	129	0.4567	2560000	gain
HeDe_WGS	chr1	23400000	24760000	69	-0.0332	1360000	neutral
HeDe_WGS	chr1	24780000	25380000	31	0.8247	600000	gain
HeDe_WGS	chr1	25400000	27860000	123	-0.729	2460000	loss
HeDe_WGS	chr1	27880000	28940000	54	0.0714	1060000	neutral
HeDe_WGS	chr1	28960000	30680000	86	-0.5705	1720000	loss
HeDe_WGS	chr1	30700000	36860000	307	0.5242	6160000	gain
HeDe_WGS	chr1	36880000	37520000	33	-0.7433	640000	loss
HeDe_WGS	chr1	37540000	37680000	7	0.7557	140000	gain
HeDe_WGS	chr1	37700000	38040000	18	-0.3539	340000	neutral
HeDe_WGS	chr1	38060000	40760000	136	-0.8324	2700000	loss
HeDe_WGS	chr1	40780000	42360000	74	-0.4694	1580000	loss
HeDe_WGS	chr1	42380000	44420000	103	0.3272	2040000	neutral
HeDe_WGS	chr1	44440000	45600000	59	-0.4253	1160000	loss
HeDe_WGS	chr1	45620000	52920000	366	0.4952	7300000	gain
HeDe_WGS	chr1	52940000	53000000	4	-2.3428	60000	loss
HeDe_WGS	chr1	53020000	53460000	23	0.8372	440000	gain
HeDe_WGS	chr1	53480000	55640000	109	0.3746	2160000	neutral
HeDe_WGS	chr1	55660000	58400000	130	0.7807	2740000	gain
HeDe_WGS	chr1	58420000	59060000	33	-1.0648	640000	loss
HeDe_WGS	chr1	59080000	65440000	319	0.5806	6360000	gain
HeDe_WGS	chr1	65460000	66720000	64	-0.6664	1260000	loss
HeDe_WGS	chr1	66740000	67000000	14	0.0148	260000	neutral
HeDe_WGS	chr1	67020000	69720000	136	-0.944	2700000	loss
HeDe_WGS	chr1	69740000	70100000	19	-0.3021	360000	neutral
HeDe_WGS	chr1	70120000	74200000	203	-0.9248	4080000	loss
HeDe_WGS	chr1	74220000	74460000	13	-0.3521	240000	neutral
HeDe_WGS	chr1	74480000	74880000	21	0.4337	400000	gain
HeDe_WGS	chr1	74900000	75020000	7	-0.1934	120000	neutral
HeDe_WGS	chr1	75040000	75580000	26	-1.1805	540000	loss
HeDe_WGS	chr1	75600000	76280000	35	0.2335	680000	neutral
HeDe_WGS	chr1	76300000	76440000	8	-0.8488	140000	loss
HeDe_WGS	chr1	76460000	77240000	40	0.2336	780000	neutral
HeDe_WGS	chr1	77260000	77640000	20	-0.781	380000	loss
HeDe_WGS	chr1	77660000	78440000	40	0.0701	780000	neutral
HeDe_WGS	chr1	78460000	82460000	201	-0.9389	4000000	loss
HeDe_WGS	chr1	82480000	82720000	13	0.2743	240000	neutral
HeDe_WGS	chr1	82740000	83180000	23	-0.7861	440000	loss
HeDe_WGS	chr1	83200000	83400000	10	3e-4	200000	neutral
HeDe_WGS	chr1	83420000	83620000	11	-1.2291	200000	loss
HeDe_WGS	chr1	83640000	83740000	6	0.0683	100000	neutral
HeDe_WGS	chr1	83760000	85540000	90	-1.0519	1780000	loss
HeDe_WGS	chr1	85560000	86320000	39	0.0664	760000	neutral
HeDe_WGS	chr1	86340000	86420000	5	1.6203	80000	gain
HeDe_WGS	chr1	86440000	94020000	380	-0.1619	7580000	neutral
HeDe_WGS	chr1	94040000	94540000	26	0.5485	500000	gain
HeDe_WGS	chr1	94560000	95900000	68	-0.15	1340000	neutral
HeDe_WGS	chr1	95920000	96260000	18	0.6509	340000	gain
HeDe_WGS	chr1	96280000	97060000	40	-0.0564	780000	neutral
HeDe_WGS	chr1	97080000	99140000	104	0.7028	2060000	gain
HeDe_WGS	chr1	99160000	101460000	116	0.2619	2300000	neutral
HeDe_WGS	chr1	101480000	101760000	15	1.0118	280000	gain
HeDe_WGS	chr1	101780000	102660000	45	-0.7607	880000	loss
HeDe_WGS	chr1	102680000	103920000	63	0.2734	1240000	neutral
HeDe_WGS	chr1	103940000	104280000	18	-0.5134	340000	loss
HeDe_WGS	chr1	104300000	104440000	8	0.3808	140000	neutral
HeDe_WGS	chr1	104460000	105940000	75	-0.2556	1480000	neutral
HeDe_WGS	chr1	105960000	106940000	50	0.4007	980000	gain
HeDe_WGS	chr1	106960000	107560000	29	-0.7588	600000	loss
HeDe_WGS	chr1	107580000	109060000	74	0.5173	1480000	gain
HeDe_WGS	chr1	109080000	109200000	7	1.2806	120000	gain
HeDe_WGS	chr1	109240000	110040000	40	-0.2438	800000	neutral
HeDe_WGS	chr1	110060000	110760000	36	-0.3085	700000	neutral
HeDe_WGS	chr1	110780000	115700000	246	-0.8034	4920000	loss
HeDe_WGS	chr1	115720000	117840000	105	-0.0684	2120000	neutral
HeDe_WGS	chr1	117860000	118580000	37	-0.7562	720000	loss
HeDe_WGS	chr1	118620000	118860000	13	0.3342	240000	neutral
HeDe_WGS	chr1	118880000	119340000	24	-1.1426	460000	loss
HeDe_WGS	chr1	119360000	119600000	4	1.5943	240000	gain
HeDe_WGS	chr1	119640000	119780000	8	-1.0306	140000	loss
HeDe_WGS	chr1	119860000	120200000	8	1.4795	340000	gain
HeDe_WGS	chr1	120220000	126100000	280	-0.7402	5880000	loss
HeDe_WGS	chr1	126120000	126200000	5	0.4663	80000	gain
HeDe_WGS	chr1	126220000	126420000	11	-0.5936	200000	loss
HeDe_WGS	chr1	126440000	127300000	44	0.4031	860000	gain
HeDe_WGS	chr1	127320000	127360000	3	-1.0142	40000	loss
HeDe_WGS	chr1	127380000	129420000	103	0.4577	2040000	gain
HeDe_WGS	chr1	129440000	129640000	11	1.4178	200000	gain
HeDe_WGS	chr1	129660000	131960000	116	0.6171	2300000	gain
HeDe_WGS	chr1	131980000	132520000	27	-0.4413	540000	loss
HeDe_WGS	chr1	132540000	136180000	180	0.0966	3640000	neutral
HeDe_WGS	chr1	136200000	137760000	78	0.6929	1560000	gain
HeDe_WGS	chr1	137780000	139620000	92	0.1876	1840000	neutral
HeDe_WGS	chr1	139640000	141380000	87	-0.6924	1740000	loss
HeDe_WGS	chr1	141400000	141540000	7	0.1461	140000	neutral
HeDe_WGS	chr1	141560000	142100000	28	0.9694	540000	gain
HeDe_WGS	chr1	142120000	142460000	18	0.3515	340000	neutral
HeDe_WGS	chr1	142480000	142940000	24	-0.4862	460000	loss
HeDe_WGS	chr1	142960000	147180000	211	0.3838	4220000	neutral
HeDe_WGS	chr1	147200000	147960000	39	0.9622	760000	gain
HeDe_WGS	chr1	147980000	148260000	15	-0.4762	280000	loss
HeDe_WGS	chr1	148280000	150600000	115	-1.0018	2320000	loss
HeDe_WGS	chr1	150620000	152340000	86	-0.6444	1720000	loss
HeDe_WGS	chr1	152360000	153800000	73	0.2711	1440000	neutral
HeDe_WGS	chr1	153820000	155020000	61	-0.5119	1200000	loss
HeDe_WGS	chr1	155040000	155280000	13	-1.4971	240000	loss
HeDe_WGS	chr1	155300000	155500000	11	-0.4989	200000	loss
HeDe_WGS	chr1	155520000	156520000	50	0.0852	1000000	neutral
HeDe_WGS	chr1	156540000	159220000	133	-0.8407	2680000	loss
HeDe_WGS	chr1	159240000	159420000	10	-0.1532	180000	neutral
HeDe_WGS	chr1	159460000	159960000	25	0.3579	500000	neutral
HeDe_WGS	chr1	159980000	160600000	32	1.0471	620000	gain
HeDe_WGS	chr1	160620000	161320000	36	-0.66	700000	loss
HeDe_WGS	chr1	161340000	166720000	270	0.3198	5380000	neutral
HeDe_WGS	chr1	166740000	170600000	191	-0.4252	3860000	loss
HeDe_WGS	chr1	170620000	171100000	25	0.6244	480000	gain
HeDe_WGS	chr1	171120000	172100000	49	-0.8036	980000	loss
HeDe_WGS	chr1	172120000	172880000	39	-0.0349	760000	neutral
HeDe_WGS	chr1	172900000	173800000	46	0.4751	900000	gain
HeDe_WGS	chr1	173820000	174180000	19	-0.4176	360000	loss
HeDe_WGS	chr1	174200000	176860000	133	0.7716	2660000	gain
HeDe_WGS	chr1	176900000	177120000	12	-0.3704	220000	neutral
HeDe_WGS	chr1	177140000	177980000	43	0.6343	840000	gain
HeDe_WGS	chr1	178000000	178300000	16	-0.6514	300000	loss
HeDe_WGS	chr1	178320000	179500000	59	0.6879	1180000	gain
HeDe_WGS	chr1	179520000	179800000	15	-0.2517	280000	neutral
HeDe_WGS	chr1	179820000	184060000	213	0.4534	4240000	gain
HeDe_WGS	chr1	184080000	184600000	27	-0.5874	520000	loss
HeDe_WGS	chr1	184620000	187520000	146	0.6329	2900000	gain
HeDe_WGS	chr1	187540000	187760000	12	-0.2367	220000	neutral
HeDe_WGS	chr1	187780000	188460000	33	0.462	680000	gain
HeDe_WGS	chr1	188480000	188580000	6	-0.9803	100000	loss
HeDe_WGS	chr1	188600000	190700000	106	0.5525	2100000	gain
HeDe_WGS	chr1	190720000	192040000	67	0.1588	1320000	neutral
HeDe_WGS	chr1	192060000	195820000	188	0.5502	3760000	gain
HeDe_WGS	chr1	195840000	203140000	364	0.8791	7300000	gain
HeDe_WGS	chr1	203160000	204080000	47	0.4504	920000	gain
HeDe_WGS	chr1	204100000	204460000	19	0.1207	360000	neutral
HeDe_WGS	chr1	204480000	205180000	36	-0.5608	700000	loss
HeDe_WGS	chr1	205200000	212920000	385	0.1483	7720000	neutral
HeDe_WGS	chr1	212940000	213800000	44	-0.3544	860000	neutral
HeDe_WGS	chr1	213820000	214320000	26	0.3561	500000	neutral
HeDe_WGS	chr1	214340000	214840000	26	-0.7863	500000	loss
HeDe_WGS	chr1	214860000	215500000	33	0.3889	640000	neutral
HeDe_WGS	chr1	215520000	215920000	21	-0.7429	400000	loss
HeDe_WGS	chr1	215940000	216240000	16	0.6268	300000	gain
HeDe_WGS	chr1	216260000	216520000	14	-0.2019	260000	neutral
HeDe_WGS	chr1	216540000	217160000	32	0.5006	620000	gain
HeDe_WGS	chr1	217180000	218260000	55	-0.3182	1080000	neutral
HeDe_WGS	chr1	218280000	218480000	11	0.3962	200000	neutral
HeDe_WGS	chr1	218500000	220900000	121	-0.6478	2400000	loss
HeDe_WGS	chr1	220920000	222500000	76	-0.0387	1580000	neutral
HeDe_WGS	chr1	222520000	223320000	41	0.7183	800000	gain
HeDe_WGS	chr1	223340000	223680000	18	-0.3333	340000	neutral
HeDe_WGS	chr1	223700000	224480000	40	0.7242	780000	gain
HeDe_WGS	chr1	224520000	225400000	45	-0.2182	880000	neutral
HeDe_WGS	chr1	225420000	225940000	26	0.5321	520000	gain
HeDe_WGS	chr1	225960000	228200000	111	-0.1913	2240000	neutral
HeDe_WGS	chr1	228220000	229580000	68	0.2189	1360000	neutral
HeDe_WGS	chr1	229600000	235340000	288	0.4811	5740000	gain
HeDe_WGS	chr1	235360000	235780000	22	1.2074	420000	gain
HeDe_WGS	chr1	235800000	237500000	86	0.5362	1700000	gain
HeDe_WGS	chr1	237520000	238540000	51	-0.116	1020000	neutral
HeDe_WGS	chr1	238560000	241820000	163	0.7443	3260000	gain
HeDe_WGS	chr1	241840000	243160000	67	-0	1320000	neutral
HeDe_WGS	chr1	243180000	243620000	23	1.2831	440000	gain
HeDe_WGS	chr1	243640000	244960000	67	0.9284	1320000	gain
HeDe_WGS	chr1	244980000	245940000	49	1.3329	960000	gain
HeDe_WGS	chr1	245960000	246040000	5	0.468	80000	gain
HeDe_WGS	chr1	246060000	248900000	142	-0.528	2840000	loss
HeDe_WGS	chr1	248920000	249140000	12	0.9485	220000	gain
HeDe_WGS	chr1	249160000	249280000	7	1.8586	120000	gain
HeDe_WGS	chr1	249300000	250200000	46	1.0044	900000	gain
HeDe_WGS	chr1	250220000	250440000	11	0.1227	220000	neutral
HeDe_WGS	chr1	250460000	251780000	67	0.9324	1320000	gain
HeDe_WGS	chr1	251800000	252180000	20	0.2552	380000	neutral
HeDe_WGS	chr1	252200000	257160000	249	0.9714	4960000	gain
HeDe_WGS	chr1	257180000	258180000	50	-0.769	1000000	loss
HeDe_WGS	chr1	258200000	258920000	36	-0.0135	720000	neutral
HeDe_WGS	chr1	258940000	259600000	34	0.5586	660000	gain
HeDe_WGS	chr1	259620000	260520000	45	-1.4831	900000	loss
HeDe_WGS	chr1	260540000	260860000	17	-0.143	320000	neutral
HeDe_WGS	chr1	260880000	261840000	49	0.2065	960000	neutral
HeDe_WGS	chr1	261860000	263820000	99	0.7839	1960000	gain
HeDe_WGS	chr1	263840000	266340000	126	1.1658	2500000	gain
HeDe_WGS	chr1	266360000	266640000	15	0.7606	280000	gain
HeDe_WGS	chr1	266660000	270320000	183	0.4316	3660000	gain
HeDe_WGS	chr1	270340000	270500000	9	-0.543	160000	loss
HeDe_WGS	chr10	0	580000	30	-2.0574	580000	loss
HeDe_WGS	chr10	600000	920000	17	-0.9296	320000	loss
HeDe_WGS	chr10	940000	2120000	60	0.5828	1180000	gain
HeDe_WGS	chr10	2140000	3820000	85	0.0257	1680000	neutral
HeDe_WGS	chr10	3840000	11820000	400	0.3878	7980000	neutral
HeDe_WGS	chr10	11840000	15500000	182	-0.137	3660000	neutral
HeDe_WGS	chr10	15520000	18280000	139	0.2911	2760000	neutral
HeDe_WGS	chr10	18300000	21520000	162	0.6174	3220000	gain
HeDe_WGS	chr10	21540000	22180000	32	0.1554	640000	neutral
HeDe_WGS	chr10	22200000	25500000	162	-0.5275	3300000	loss
HeDe_WGS	chr10	25520000	25780000	14	0.2978	260000	neutral
HeDe_WGS	chr10	25800000	28040000	110	-0.5437	2240000	loss
HeDe_WGS	chr10	28060000	31700000	183	0.6243	3640000	gain
HeDe_WGS	chr10	31720000	33600000	90	-0.1049	1880000	neutral
HeDe_WGS	chr10	33620000	33860000	13	0.6805	240000	gain
HeDe_WGS	chr10	33880000	34440000	28	-0.1274	560000	neutral
HeDe_WGS	chr10	34460000	39020000	228	0.5023	4560000	gain
HeDe_WGS	chr10	39040000	39260000	11	-0.3114	220000	neutral
HeDe_WGS	chr10	39280000	41020000	88	0.5434	1740000	gain
HeDe_WGS	chr10	41040000	41720000	35	0.0702	680000	neutral
HeDe_WGS	chr10	41740000	42020000	15	1.2588	280000	gain
HeDe_WGS	chr10	42040000	42300000	14	0.7158	260000	gain
HeDe_WGS	chr10	42320000	42580000	14	0.1298	260000	neutral
HeDe_WGS	chr10	42600000	43140000	28	0.6927	540000	gain
HeDe_WGS	chr10	43160000	44680000	77	-0.0604	1520000	neutral
HeDe_WGS	chr10	44700000	51760000	353	0.6094	7060000	gain
HeDe_WGS	chr10	51780000	52040000	13	-0.2843	260000	neutral
HeDe_WGS	chr10	52060000	54120000	104	0.602	2060000	gain
HeDe_WGS	chr10	54140000	55940000	91	0.1434	1800000	neutral
HeDe_WGS	chr10	55960000	58520000	129	0.4888	2560000	gain
HeDe_WGS	chr10	58540000	59460000	47	-0.7712	920000	loss
HeDe_WGS	chr10	59480000	59720000	13	-0.1217	240000	neutral
HeDe_WGS	chr10	59740000	62480000	138	0.4815	2740000	gain
HeDe_WGS	chr10	62500000	63360000	43	-0.0791	860000	neutral
HeDe_WGS	chr10	63380000	66680000	166	0.4717	3300000	gain
HeDe_WGS	chr10	66700000	67560000	44	1.1038	860000	gain
HeDe_WGS	chr10	67580000	75900000	416	0.5652	8320000	gain
HeDe_WGS	chr10	75920000	75940000	2	-1.5477	20000	loss
HeDe_WGS	chr10	75960000	76460000	25	0.1435	500000	neutral
HeDe_WGS	chr10	76480000	78760000	114	-0.666	2280000	loss
HeDe_WGS	chr10	78780000	79560000	40	0.738	780000	gain
HeDe_WGS	chr10	79580000	80200000	32	0.1189	620000	neutral
HeDe_WGS	chr10	80220000	80280000	4	2.2188	60000	gain
HeDe_WGS	chr10	80300000	84980000	235	0.1538	4680000	neutral
HeDe_WGS	chr10	85000000	85400000	21	-0.531	400000	loss
HeDe_WGS	chr10	85420000	91800000	320	0.2111	6380000	neutral
HeDe_WGS	chr10	91820000	93800000	100	0.5965	1980000	gain
HeDe_WGS	chr10	93820000	94160000	18	-0.0149	340000	neutral
HeDe_WGS	chr10	94180000	94340000	9	0.9539	160000	gain
HeDe_WGS	chr10	94360000	95180000	42	0.3553	820000	neutral
HeDe_WGS	chr10	95200000	95320000	7	0.9695	120000	gain
HeDe_WGS	chr10	95340000	97500000	109	0.2094	2160000	neutral
HeDe_WGS	chr10	97520000	98480000	49	0.4958	960000	gain
HeDe_WGS	chr10	98500000	100520000	102	0.0624	2020000	neutral
HeDe_WGS	chr10	100540000	100880000	18	0.8223	340000	gain
HeDe_WGS	chr10	100900000	101120000	12	-0.5987	220000	loss
HeDe_WGS	chr10	101140000	101480000	18	0.3097	340000	neutral
HeDe_WGS	chr10	101500000	105320000	192	-0.3627	3820000	neutral
HeDe_WGS	chr10	105340000	105560000	12	0.8566	220000	gain
HeDe_WGS	chr10	105580000	106620000	53	-0.3015	1040000	neutral
HeDe_WGS	chr10	106640000	107000000	19	0.4873	360000	gain
HeDe_WGS	chr10	107020000	107560000	28	1.1426	540000	gain
HeDe_WGS	chr10	107580000	107700000	7	-0.1872	120000	neutral
HeDe_WGS	chr11	0	180000	10	0.2733	180000	neutral
HeDe_WGS	chr11	200000	280000	5	-2.5001	80000	loss
HeDe_WGS	chr11	300000	940000	33	-0.7943	640000	loss
HeDe_WGS	chr11	960000	2480000	73	0.1123	1520000	neutral
HeDe_WGS	chr11	2500000	2540000	3	-2.348	40000	loss
HeDe_WGS	chr11	2560000	7240000	233	0.0682	4680000	neutral
HeDe_WGS	chr11	7260000	7280000	2	-1.5857	20000	loss
HeDe_WGS	chr11	7300000	9340000	103	-2.4266	2040000	loss
HeDe_WGS	chr11	9360000	10860000	76	-2.3193	1500000	loss
HeDe_WGS	chr11	10880000	13440000	129	-2.1825	2560000	loss
HeDe_WGS	chr11	13460000	15700000	112	-0.7598	2240000	loss
HeDe_WGS	chr11	15720000	18900000	153	-0.433	3180000	loss
HeDe_WGS	chr11	18920000	21940000	151	-0.763	3020000	loss
HeDe_WGS	chr11	21960000	23060000	53	-0.1721	1100000	neutral
HeDe_WGS	chr11	23080000	24020000	48	-0.5799	940000	loss
HeDe_WGS	chr11	24040000	24580000	26	-0.1918	540000	neutral
HeDe_WGS	chr11	24600000	25360000	39	0.2929	760000	neutral
HeDe_WGS	chr11	25380000	28180000	132	-0.2482	2800000	neutral
HeDe_WGS	chr11	28200000	29220000	50	0.3045	1020000	neutral
HeDe_WGS	chr11	29240000	30320000	53	-0.2718	1080000	neutral
HeDe_WGS	chr11	30340000	30880000	28	0.3153	540000	neutral
HeDe_WGS	chr11	30900000	37040000	302	-0.5686	6140000	loss
HeDe_WGS	chr11	37060000	37700000	33	0.5732	640000	gain
HeDe_WGS	chr11	37720000	39920000	110	-0.3989	2200000	neutral
HeDe_WGS	chr11	39940000	40720000	39	0.5676	780000	gain
HeDe_WGS	chr11	40740000	42200000	74	-0.1425	1460000	neutral
HeDe_WGS	chr11	42220000	50160000	398	0.6584	7940000	gain
HeDe_WGS	chr11	50180000	50560000	20	1.3436	380000	gain
HeDe_WGS	chr11	50580000	50840000	14	0.6985	260000	gain
HeDe_WGS	chr11	50860000	51260000	21	0.0142	400000	neutral
HeDe_WGS	chr11	51280000	53560000	113	-0.6478	2280000	loss
HeDe_WGS	chr11	53580000	54220000	33	-0.1456	640000	neutral
HeDe_WGS	chr11	54240000	54380000	8	0.9069	140000	gain
HeDe_WGS	chr11	54400000	55340000	48	-0.6029	940000	loss
HeDe_WGS	chr11	55360000	56460000	54	0.2447	1100000	neutral
HeDe_WGS	chr11	56480000	56700000	12	1.1966	220000	gain
HeDe_WGS	chr11	56720000	58360000	81	0.084	1640000	neutral
HeDe_WGS	chr11	58380000	61960000	175	-0.496	3580000	loss
HeDe_WGS	chr11	61980000	62200000	12	0.6047	220000	gain
HeDe_WGS	chr11	62220000	63460000	62	-0.4538	1240000	loss
HeDe_WGS	chr11	63480000	65100000	81	0.4718	1620000	gain
HeDe_WGS	chr11	65120000	66060000	46	-0.023	940000	neutral
HeDe_WGS	chr11	66080000	67520000	73	-0.651	1440000	loss
HeDe_WGS	chr11	67540000	67820000	15	-0.0186	280000	neutral
HeDe_WGS	chr11	67840000	68700000	43	0.6437	860000	gain
HeDe_WGS	chr11	68720000	69020000	15	-0.2	300000	neutral
HeDe_WGS	chr11	69040000	70900000	94	0.5585	1860000	gain
HeDe_WGS	chr11	70920000	71800000	44	-0.1839	880000	neutral
HeDe_WGS	chr11	71820000	72340000	27	0.3091	520000	neutral
HeDe_WGS	chr11	72360000	75000000	126	-0.307	2640000	neutral
HeDe_WGS	chr11	75020000	76780000	89	0.7448	1760000	gain
HeDe_WGS	chr11	76800000	77140000	18	-0.5029	340000	loss
HeDe_WGS	chr11	77160000	77860000	36	0.3784	700000	neutral
HeDe_WGS	chr11	77880000	78100000	12	-0.2369	220000	neutral
HeDe_WGS	chr11	78120000	79700000	80	0.5934	1580000	gain
HeDe_WGS	chr11	79720000	80240000	27	1.2633	520000	gain
HeDe_WGS	chr11	80260000	85980000	286	0.5715	5720000	gain
HeDe_WGS	chr11	86000000	87540000	77	-0.2428	1540000	neutral
HeDe_WGS	chr11	87560000	87780000	11	0.7865	220000	gain
HeDe_WGS	chr11	87800000	88820000	51	0.2888	1020000	neutral
HeDe_WGS	chr11	88840000	89020000	9	1.1925	180000	gain
HeDe_WGS	chr11	89040000	89160000	7	-0.7537	120000	loss
HeDe_WGS	chr11	89180000	89940000	38	0.5593	760000	gain
HeDe_WGS	chr11	89960000	91840000	94	0.8842	1880000	gain
HeDe_WGS	chr11	91860000	93620000	89	0.5748	1760000	gain
HeDe_WGS	chr11	93640000	93880000	13	-0.1463	240000	neutral
HeDe_WGS	chr11	93900000	94680000	40	0.431	780000	gain
HeDe_WGS	chr11	94700000	95500000	41	-0.7271	800000	loss
HeDe_WGS	chr11	95520000	95840000	17	0.4365	320000	gain
HeDe_WGS	chr11	95860000	96420000	29	-0.1567	560000	neutral
HeDe_WGS	chr11	96440000	97640000	61	0.492	1200000	gain
HeDe_WGS	chr11	97660000	97900000	13	-0.6199	240000	loss
HeDe_WGS	chr11	97920000	98340000	21	0.2893	420000	neutral
HeDe_WGS	chr11	98360000	99740000	70	-0.4942	1380000	loss
HeDe_WGS	chr12	20000	4200000	204	-0.5768	4180000	loss
HeDe_WGS	chr12	4220000	4620000	10	1.6625	400000	gain
HeDe_WGS	chr12	4840000	5800000	49	0.5965	960000	gain
HeDe_WGS	chr12	5820000	5980000	9	-0.2637	160000	neutral
HeDe_WGS	chr12	6000000	6240000	13	0.435	240000	gain
HeDe_WGS	chr12	6260000	6660000	21	-0.2701	400000	neutral
HeDe_WGS	chr12	6680000	6740000	4	0.9515	60000	gain
HeDe_WGS	chr12	6760000	7200000	23	-0.7459	440000	loss
HeDe_WGS	chr12	7220000	7680000	24	0.1849	460000	neutral
HeDe_WGS	chr12	7700000	8600000	46	-0.9122	900000	loss
HeDe_WGS	chr12	8620000	8780000	9	0.1627	160000	neutral
HeDe_WGS	chr12	8800000	9400000	31	-0.8279	600000	loss
HeDe_WGS	chr12	9420000	12800000	170	0.3164	3380000	neutral
HeDe_WGS	chr12	12820000	12920000	6	-2.0694	100000	loss
HeDe_WGS	chr12	12940000	13960000	52	0.2836	1020000	neutral
HeDe_WGS	chr12	13980000	14200000	12	-0.5713	220000	loss
HeDe_WGS	chr12	14220000	16560000	118	0.1799	2340000	neutral
HeDe_WGS	chr12	16580000	16640000	4	1.9464	60000	gain
HeDe_WGS	chr12	16660000	17280000	32	-0.2212	620000	neutral
HeDe_WGS	chr12	17300000	18960000	84	0.3839	1660000	neutral
HeDe_WGS	chr12	18980000	19260000	15	-0.5136	280000	loss
HeDe_WGS	chr12	19280000	19720000	23	0.2844	440000	neutral
HeDe_WGS	chr12	19740000	19900000	9	-0.1579	160000	neutral
HeDe_WGS	chr12	19920000	20480000	29	-0.5086	560000	loss
HeDe_WGS	chr12	20500000	20980000	25	-0.0027	480000	neutral
HeDe_WGS	chr12	21000000	21040000	3	1.3802	40000	gain
HeDe_WGS	chr12	21060000	21380000	17	0.319	320000	neutral
HeDe_WGS	chr12	21400000	21960000	29	-0.8445	560000	loss
HeDe_WGS	chr12	21980000	22540000	28	0.2588	560000	neutral
HeDe_WGS	chr12	22560000	22680000	7	-0.5776	120000	loss
HeDe_WGS	chr12	22700000	23160000	18	-2.4675	460000	loss
HeDe_WGS	chr12	23360000	23460000	6	-0.2215	100000	neutral
HeDe_WGS	chr12	23480000	24480000	38	-3.4086	1000000	loss
HeDe_WGS	chr12	24500000	25740000	63	-0.0487	1240000	neutral
HeDe_WGS	chr12	25760000	26020000	14	1.0536	260000	gain
HeDe_WGS	chr12	26040000	26940000	46	-0.0127	900000	neutral
HeDe_WGS	chr12	26960000	27000000	3	1.3827	40000	gain
HeDe_WGS	chr12	27020000	28420000	71	-0.0731	1400000	neutral
HeDe_WGS	chr12	28440000	29880000	73	0.3105	1440000	neutral
HeDe_WGS	chr12	29900000	30640000	38	0.6825	740000	gain
HeDe_WGS	chr12	30660000	33940000	165	0.2844	3280000	neutral
HeDe_WGS	chr12	33960000	36720000	139	0.6923	2760000	gain
HeDe_WGS	chr12	36740000	37100000	19	-0.1232	360000	neutral
HeDe_WGS	chr12	37120000	37300000	10	-1.0018	180000	loss
HeDe_WGS	chr12	37320000	40080000	139	0.1504	2760000	neutral
HeDe_WGS	chr12	40100000	40400000	16	-0.5153	300000	loss
HeDe_WGS	chr12	40420000	41480000	54	0.2414	1060000	neutral
HeDe_WGS	chr12	41500000	41780000	15	-0.6316	280000	loss
HeDe_WGS	chr12	41800000	41960000	9	-0.0373	160000	neutral
HeDe_WGS	chr12	41980000	42100000	7	-0.8288	120000	loss
HeDe_WGS	chr12	42120000	46600000	225	0.1553	4480000	neutral
HeDe_WGS	chr12	46620000	46740000	7	-0.8586	120000	loss
HeDe_WGS	chr12	46760000	47280000	27	0.0864	520000	neutral
HeDe_WGS	chr12	47300000	51100000	191	-0.3293	3800000	neutral
HeDe_WGS	chr12	51120000	52200000	55	0.4628	1080000	gain
HeDe_WGS	chr12	52220000	52300000	5	-1.0985	80000	loss
HeDe_WGS	chr13	0	300000	14	-0.9028	300000	loss
HeDe_WGS	chr13	320000	640000	17	-0.0974	320000	neutral
HeDe_WGS	chr13	660000	4140000	175	-1.1257	3480000	loss
HeDe_WGS	chr13	4160000	10580000	321	-0.2051	6420000	neutral
HeDe_WGS	chr13	10600000	11040000	18	-1.5293	440000	loss
HeDe_WGS	chr13	11060000	11180000	7	-1.697	120000	loss
HeDe_WGS	chr13	11200000	21480000	513	-0.1937	10280000	neutral
HeDe_WGS	chr13	21500000	22000000	26	1.1591	500000	gain
HeDe_WGS	chr13	22020000	22340000	17	0.3281	320000	neutral
HeDe_WGS	chr13	22360000	23580000	61	1.336	1220000	gain
HeDe_WGS	chr13	23600000	24340000	38	0.4603	740000	gain
HeDe_WGS	chr13	24360000	27080000	134	-0.0756	2720000	neutral
HeDe_WGS	chr13	27100000	29380000	115	-0.4301	2280000	loss
HeDe_WGS	chr13	29400000	30580000	60	-1.9226	1180000	loss
HeDe_WGS	chr13	30600000	31360000	39	-1.6701	760000	loss
HeDe_WGS	chr13	31380000	31520000	8	-1.9725	140000	loss
HeDe_WGS	chr13	31540000	31600000	4	-0.1426	60000	neutral
HeDe_WGS	chr13	31620000	31760000	6	-1.4484	140000	loss
HeDe_WGS	chr13	31780000	31920000	8	-0.3625	140000	neutral
HeDe_WGS	chr13	31940000	35580000	182	0.8069	3640000	gain
HeDe_WGS	chr13	35600000	36460000	44	-0.122	860000	neutral
HeDe_WGS	chr13	36480000	38340000	94	-0.4467	1860000	loss
HeDe_WGS	chr13	38360000	38980000	32	0.0043	620000	neutral
HeDe_WGS	chr13	39000000	43180000	209	0.9288	4180000	gain
HeDe_WGS	chr13	43200000	44360000	59	0.386	1160000	neutral
HeDe_WGS	chr13	44380000	51320000	347	0.9505	6940000	gain
HeDe_WGS	chr13	51340000	53560000	112	0.6085	2220000	gain
HeDe_WGS	chr13	53580000	57940000	214	-0.26	4360000	neutral
HeDe_WGS	chr13	57960000	58660000	36	0.4527	700000	gain
HeDe_WGS	chr13	58680000	64360000	282	-0.2553	5680000	neutral
HeDe_WGS	chr13	64380000	66060000	83	0.5869	1680000	gain
HeDe_WGS	chr13	66080000	69020000	148	1.1319	2940000	gain
HeDe_WGS	chr13	69040000	69100000	4	-0.6106	60000	loss
HeDe_WGS	chr13	69120000	71800000	135	1.1499	2680000	gain
HeDe_WGS	chr13	71820000	72120000	16	-0.0627	300000	neutral
HeDe_WGS	chr13	72140000	73400000	61	0.98	1260000	gain
HeDe_WGS	chr13	73420000	74120000	36	0.2131	700000	neutral
HeDe_WGS	chr13	74140000	75100000	49	1.2945	960000	gain
HeDe_WGS	chr13	75120000	76620000	75	0.5976	1500000	gain
HeDe_WGS	chr13	76640000	83240000	328	1.0595	6600000	gain
HeDe_WGS	chr13	83260000	84020000	38	0.3623	760000	neutral
HeDe_WGS	chr13	84040000	85080000	53	0.9915	1040000	gain
HeDe_WGS	chr13	85100000	85320000	12	1.9527	220000	gain
HeDe_WGS	chr13	85340000	85800000	24	1.0545	460000	gain
HeDe_WGS	chr13	85820000	86020000	11	-0.5313	200000	loss
HeDe_WGS	chr13	86040000	87720000	85	1.1339	1680000	gain
HeDe_WGS	chr13	87740000	89300000	77	0.2498	1560000	neutral
HeDe_WGS	chr13	89320000	91520000	109	0.7694	2200000	gain
HeDe_WGS	chr13	91540000	91800000	13	0.0561	260000	neutral
HeDe_WGS	chr13	91820000	92800000	50	0.8866	980000	gain
HeDe_WGS	chr13	92820000	94180000	68	1.3761	1360000	gain
HeDe_WGS	chr13	94200000	97360000	159	1.0028	3160000	gain
HeDe_WGS	chr13	97380000	98700000	67	1.4455	1320000	gain
HeDe_WGS	chr13	98720000	100860000	108	1.2082	2140000	gain
HeDe_WGS	chr13	100880000	101300000	22	0.5984	420000	gain
HeDe_WGS	chr13	101320000	103760000	123	1.1484	2440000	gain
HeDe_WGS	chr13	103780000	104000000	12	0.4636	220000	gain
HeDe_WGS	chr13	104020000	104700000	35	1.1294	680000	gain
HeDe_WGS	chr13	104720000	105500000	40	0.6074	780000	gain
HeDe_WGS	chr13	105520000	107900000	117	1.1203	2380000	gain
HeDe_WGS	chr13	107920000	108640000	33	0.4104	720000	gain
HeDe_WGS	chr13	108660000	109140000	25	1.1822	480000	gain
HeDe_WGS	chr13	109160000	109340000	9	-0.271	180000	neutral
HeDe_WGS	chr14	0	1080000	51	-0.8351	1080000	loss
HeDe_WGS	chr14	1100000	13960000	642	0.4072	12860000	gain
HeDe_WGS	chr14	13980000	15020000	52	-0.4881	1040000	loss
HeDe_WGS	chr14	15040000	18760000	187	0.4187	3720000	gain
HeDe_WGS	chr14	18800000	18880000	5	-0.6663	80000	loss
HeDe_WGS	chr14	18900000	18980000	5	0.308	80000	neutral
HeDe_WGS	chr14	19000000	19080000	5	-0.8253	80000	loss
HeDe_WGS	chr14	19100000	19920000	41	0.3645	820000	neutral
HeDe_WGS	chr14	19940000	30540000	515	-0.5851	10600000	loss
HeDe_WGS	chr14	30560000	36420000	294	0.551	5860000	gain
HeDe_WGS	chr14	36440000	37580000	57	-0.3031	1140000	neutral
HeDe_WGS	chr14	37600000	40400000	136	-0.7557	2800000	loss
HeDe_WGS	chr14	40420000	44860000	223	0.6197	4440000	gain
HeDe_WGS	chr14	44880000	45000000	7	-0.5575	120000	loss
HeDe_WGS	chr14	45020000	46560000	78	-0.8998	1540000	loss
HeDe_WGS	chr14	46580000	47240000	34	-2.5467	660000	loss
HeDe_WGS	chr14	47260000	50300000	153	-2.3034	3040000	loss
HeDe_WGS	chr14	50320000	50520000	11	-2.4766	200000	loss
HeDe_WGS	chr14	50540000	60240000	474	-0.8613	9700000	loss
HeDe_WGS	chr14	60260000	60980000	35	-0.369	720000	neutral
HeDe_WGS	chr14	61000000	63700000	132	0.7073	2700000	gain
HeDe_WGS	chr14	63720000	65080000	68	-0.5075	1360000	loss
HeDe_WGS	chr14	65100000	65140000	3	1.2256	40000	gain
HeDe_WGS	chr14	65160000	66300000	57	-0.266	1140000	neutral
HeDe_WGS	chr14	66320000	67140000	41	-1.1442	820000	loss
HeDe_WGS	chr14	67160000	67860000	36	-1.6282	700000	loss
HeDe_WGS	chr14	67880000	67920000	3	-4.6327	40000	loss
HeDe_WGS	chr14	67940000	69060000	55	-1.4073	1120000	loss
HeDe_WGS	chr14	69080000	69680000	30	-0.367	600000	neutral
HeDe_WGS	chr14	69700000	70080000	19	0.5009	380000	gain
HeDe_WGS	chr14	70100000	70540000	23	-0.1685	440000	neutral
HeDe_WGS	chr14	70560000	71720000	58	0.5811	1160000	gain
HeDe_WGS	chr14	71740000	72420000	34	0.0953	680000	neutral
HeDe_WGS	chr14	72440000	73240000	38	-0.5996	800000	loss
HeDe_WGS	chr14	73260000	73760000	23	0.1912	500000	neutral
HeDe_WGS	chr14	73780000	75860000	103	-0.4004	2080000	loss
HeDe_WGS	chr14	75880000	76080000	11	0.2374	200000	neutral
HeDe_WGS	chr14	76100000	77480000	69	0.9725	1380000	gain
HeDe_WGS	chr14	77500000	78300000	41	0.2785	800000	neutral
HeDe_WGS	chr14	78320000	78480000	9	1.1575	160000	gain
HeDe_WGS	chr14	78500000	78560000	4	0.3438	60000	neutral
HeDe_WGS	chr14	78580000	81560000	150	0.0835	2980000	neutral
HeDe_WGS	chr14	81580000	88340000	338	0.354	6760000	neutral
HeDe_WGS	chr14	88360000	90260000	93	-0.4699	1900000	loss
HeDe_WGS	chr14	90280000	91360000	55	0.574	1080000	gain
HeDe_WGS	chr14	91380000	95340000	197	-0.6014	3960000	loss
HeDe_WGS	chr14	95360000	95540000	10	1.1326	180000	gain
HeDe_WGS	chr14	95560000	97060000	75	0.0749	1500000	neutral
HeDe_WGS	chr14	97080000	99560000	125	0.5639	2480000	gain
HeDe_WGS	chr14	99580000	100600000	52	5e-4	1020000	neutral
HeDe_WGS	chr14	100620000	103000000	120	0.4222	2380000	gain
HeDe_WGS	chr14	103020000	104220000	59	0.0393	1200000	neutral
HeDe_WGS	chr14	104240000	107560000	163	-0.4898	3320000	loss
HeDe_WGS	chr14	107580000	108380000	40	0.1235	800000	neutral
HeDe_WGS	chr14	108400000	109080000	35	-0.5498	680000	loss
HeDe_WGS	chr15	20000	360000	18	0.2419	340000	neutral
HeDe_WGS	chr15	380000	580000	10	1.4019	200000	gain
HeDe_WGS	chr15	600000	960000	16	0.6136	360000	gain
HeDe_WGS	chr15	980000	1440000	24	-0.1213	460000	neutral
HeDe_WGS	chr15	1460000	2840000	70	0.4437	1380000	gain
HeDe_WGS	chr15	2860000	3440000	30	-0.3961	580000	neutral
HeDe_WGS	chr15	3460000	7240000	153	0.4704	3780000	gain
HeDe_WGS	chr15	7260000	9280000	101	-0.5944	2020000	loss
HeDe_WGS	chr15	9300000	11480000	110	0.4483	2180000	gain
HeDe_WGS	chr15	11500000	12060000	29	-0.2859	560000	neutral
HeDe_WGS	chr15	12080000	13280000	60	0.2947	1200000	neutral
HeDe_WGS	chr15	13300000	13420000	7	-1.0794	120000	loss
HeDe_WGS	chr15	13440000	14600000	59	0.0379	1160000	neutral
HeDe_WGS	chr15	14620000	15620000	51	0.5317	1000000	gain
HeDe_WGS	chr15	15640000	15900000	12	-6.9901	260000	loss
HeDe_WGS	chr15	15920000	17060000	58	0.2556	1140000	neutral
HeDe_WGS	chr15	17080000	17700000	32	-0.4617	620000	loss
HeDe_WGS	chr15	17720000	21040000	160	0.2242	3320000	neutral
HeDe_WGS	chr15	21060000	23760000	135	0.5676	2700000	gain
HeDe_WGS	chr15	23780000	25580000	90	0.1974	1800000	neutral
HeDe_WGS	chr15	25600000	26440000	43	-0.6627	840000	loss
HeDe_WGS	chr15	26460000	27400000	48	0.5196	940000	gain
HeDe_WGS	chr15	27420000	28460000	34	-0.1678	1040000	neutral
HeDe_WGS	chr15	28680000	30860000	37	1.4178	2180000	gain
HeDe_WGS	chr15	30880000	31440000	29	0.0225	560000	neutral
HeDe_WGS	chr15	31460000	31640000	10	1.3269	180000	gain
HeDe_WGS	chr15	31660000	35200000	177	0.2502	3540000	neutral
HeDe_WGS	chr15	35220000	37180000	98	0.6621	1960000	gain
HeDe_WGS	chr15	37200000	38000000	38	0.0608	800000	neutral
HeDe_WGS	chr15	38020000	46440000	421	0.7319	8420000	gain
HeDe_WGS	chr15	46460000	47580000	54	-0.5399	1120000	loss
HeDe_WGS	chr15	47600000	48340000	38	-2.4043	740000	loss
HeDe_WGS	chr15	48360000	48900000	28	-2.2643	540000	loss
HeDe_WGS	chr15	48920000	49740000	42	-2.1419	820000	loss
HeDe_WGS	chr15	49760000	49940000	10	-2.2523	180000	loss
HeDe_WGS	chr15	49960000	50080000	7	-1.2939	120000	loss
HeDe_WGS	chr15	50100000	50920000	42	-0.3503	820000	neutral
HeDe_WGS	chr15	50940000	51160000	12	1.034	220000	gain
HeDe_WGS	chr15	51180000	51280000	6	0.1597	100000	neutral
HeDe_WGS	chr15	51300000	51520000	12	1.0097	220000	gain
HeDe_WGS	chr15	51540000	51760000	12	0.1502	220000	neutral
HeDe_WGS	chr15	51780000	51880000	6	1.223	100000	gain
HeDe_WGS	chr15	51900000	52240000	18	0.0323	340000	neutral
HeDe_WGS	chr15	52260000	52500000	13	1.1265	240000	gain
HeDe_WGS	chr15	52520000	53580000	53	-0.1813	1060000	neutral
HeDe_WGS	chr15	53600000	54200000	31	0.3038	600000	neutral
HeDe_WGS	chr15	54220000	54340000	7	-0.8004	120000	loss
HeDe_WGS	chr15	54360000	55260000	46	0.4498	900000	gain
HeDe_WGS	chr15	55280000	56360000	55	-0.2762	1080000	neutral
HeDe_WGS	chr15	56380000	61920000	278	0.593	5540000	gain
HeDe_WGS	chr15	61940000	62400000	23	-0.0591	460000	neutral
HeDe_WGS	chr15	62420000	68400000	294	-0.7841	5980000	loss
HeDe_WGS	chr15	68420000	69960000	76	-0.075	1540000	neutral
HeDe_WGS	chr15	69980000	81760000	575	-0.6522	11780000	loss
HeDe_WGS	chr15	81780000	84100000	116	0.2502	2320000	neutral
HeDe_WGS	chr15	84120000	84420000	16	-0.875	300000	loss
HeDe_WGS	chr15	84440000	85220000	40	0.5149	780000	gain
HeDe_WGS	chr15	85240000	86020000	39	-0.3109	780000	neutral
HeDe_WGS	chr15	86040000	89180000	157	0.2475	3140000	neutral
HeDe_WGS	chr15	89200000	90120000	47	-0.3176	920000	neutral
HeDe_WGS	chr15	90140000	97700000	373	-0.6464	7560000	loss
HeDe_WGS	chr15	97720000	100420000	134	-0.2563	2700000	neutral
HeDe_WGS	chr15	100440000	101020000	27	0.3107	580000	neutral
HeDe_WGS	chr15	101040000	101220000	9	-6.4439	180000	loss
HeDe_WGS	chr15	101240000	102460000	62	0.4367	1220000	gain
HeDe_WGS	chr15	102480000	102680000	11	-0.341	200000	neutral
HeDe_WGS	chr15	102700000	106500000	191	0.506	3800000	gain
HeDe_WGS	chr15	106520000	108180000	82	-0.5435	1660000	loss
HeDe_WGS	chr16	0	40000	3	-0.2313	40000	neutral
HeDe_WGS	chr16	60000	840000	40	1.0284	780000	gain
HeDe_WGS	chr16	860000	3020000	109	0.4475	2160000	gain
HeDe_WGS	chr16	3040000	3680000	33	1.2482	640000	gain
HeDe_WGS	chr16	3700000	3920000	12	-0.0802	220000	neutral
HeDe_WGS	chr16	3940000	4600000	33	0.978	660000	gain
HeDe_WGS	chr16	4620000	10900000	314	0.3549	6280000	neutral
HeDe_WGS	chr16	10920000	12300000	68	-0.5497	1380000	loss
HeDe_WGS	chr16	12320000	13160000	42	0.4783	840000	gain
HeDe_WGS	chr16	13180000	16480000	161	-0.7097	3300000	loss
HeDe_WGS	chr16	16500000	18020000	77	0.1731	1520000	neutral
HeDe_WGS	chr16	18040000	19340000	66	-0.5919	1300000	loss
HeDe_WGS	chr16	19360000	19520000	9	0.8446	160000	gain
HeDe_WGS	chr16	19540000	19640000	6	-0.5825	100000	loss
HeDe_WGS	chr16	19660000	19860000	11	0.4837	200000	gain
HeDe_WGS	chr16	19880000	25280000	270	-0.6983	5400000	loss
HeDe_WGS	chr16	25300000	27000000	86	0.2584	1700000	neutral
HeDe_WGS	chr16	27020000	29260000	113	-0.4286	2240000	loss
HeDe_WGS	chr16	29280000	30220000	48	0.332	940000	neutral
HeDe_WGS	chr16	30240000	33200000	145	-0.6701	2960000	loss
HeDe_WGS	chr16	33220000	34660000	73	0.3997	1440000	neutral
HeDe_WGS	chr16	34680000	37060000	118	-0.7682	2380000	loss
HeDe_WGS	chr16	37080000	37580000	26	-0.093	500000	neutral
HeDe_WGS	chr16	37600000	38020000	22	0.2063	420000	neutral
HeDe_WGS	chr16	38040000	39100000	53	-0.6628	1060000	loss
HeDe_WGS	chr16	39120000	40180000	54	-1.2263	1060000	loss
HeDe_WGS	chr16	40200000	41220000	49	-0.4554	1020000	loss
HeDe_WGS	chr16	41240000	42940000	80	-2.2122	1700000	loss
HeDe_WGS	chr16	42960000	43120000	9	0.0837	160000	neutral
HeDe_WGS	chr16	43140000	43700000	28	-1.0657	560000	loss
HeDe_WGS	chr16	43720000	49360000	278	-1.625	5640000	loss
HeDe_WGS	chr16	49380000	50300000	45	-0.6728	920000	loss
HeDe_WGS	chr16	50340000	50440000	6	-7.3422	100000	loss
HeDe_WGS	chr16	50460000	50560000	6	-3.1977	100000	loss
HeDe_WGS	chr16	50580000	54220000	181	-0.5068	3640000	loss
HeDe_WGS	chr16	54240000	54340000	5	-1.5893	100000	loss
HeDe_WGS	chr16	54360000	54640000	15	-0.7836	280000	loss
HeDe_WGS	chr16	54660000	55520000	44	-1.4374	860000	loss
HeDe_WGS	chr16	55540000	55720000	10	-0.4634	180000	loss
HeDe_WGS	chr16	55740000	57340000	80	-1.3818	1600000	loss
HeDe_WGS	chr16	57360000	57800000	23	-0.1288	440000	neutral
HeDe_WGS	chr16	57820000	58160000	18	0.8413	340000	gain
HeDe_WGS	chr16	58180000	58300000	7	-0.6087	120000	loss
HeDe_WGS	chr16	58320000	58420000	6	0.7463	100000	gain
HeDe_WGS	chr16	58440000	61900000	172	-0.485	3460000	loss
HeDe_WGS	chr16	61920000	62220000	16	0.1895	300000	neutral
HeDe_WGS	chr16	62240000	65440000	160	0.828	3200000	gain
HeDe_WGS	chr16	65460000	67920000	124	0.2495	2460000	neutral
HeDe_WGS	chr16	67940000	68320000	20	-0.1892	380000	neutral
HeDe_WGS	chr16	68340000	69040000	35	-0.8299	700000	loss
HeDe_WGS	chr16	69060000	69460000	21	-0.3638	400000	neutral
HeDe_WGS	chr16	69480000	70140000	34	0.2693	660000	neutral
HeDe_WGS	chr16	70160000	71320000	59	-0.374	1160000	neutral
HeDe_WGS	chr16	71340000	72320000	50	0.7437	980000	gain
HeDe_WGS	chr16	72340000	74420000	105	0.3891	2080000	neutral
HeDe_WGS	chr16	74440000	75500000	54	0.7479	1060000	gain
HeDe_WGS	chr16	75520000	76860000	68	0.3702	1340000	neutral
HeDe_WGS	chr16	76880000	77560000	35	-0.2819	680000	neutral
HeDe_WGS	chr16	77580000	81500000	191	0.2667	3920000	neutral
HeDe_WGS	chr16	81520000	82140000	32	1.0573	620000	gain
HeDe_WGS	chr16	82160000	83100000	48	0.1019	940000	neutral
HeDe_WGS	chr16	83120000	83360000	13	-0.4752	240000	loss
HeDe_WGS	chr16	83380000	85260000	95	0.1628	1880000	neutral
HeDe_WGS	chr16	85280000	87940000	134	0.5918	2660000	gain
HeDe_WGS	chr16	87960000	91440000	171	-0.7979	3480000	loss
HeDe_WGS	chr17	0	600000	31	-0.4349	600000	loss
HeDe_WGS	chr17	620000	2240000	82	0.8226	1620000	gain
HeDe_WGS	chr17	2260000	3100000	43	0.0981	840000	neutral
HeDe_WGS	chr17	3120000	3780000	34	-0.8042	660000	loss
HeDe_WGS	chr17	3800000	4900000	56	0.6942	1100000	gain
HeDe_WGS	chr17	4920000	6480000	79	0.3362	1560000	neutral
HeDe_WGS	chr17	6500000	6640000	8	-0.2474	140000	neutral
HeDe_WGS	chr17	6660000	7780000	57	0.4556	1120000	gain
HeDe_WGS	chr17	7800000	9920000	107	-0.0581	2120000	neutral
HeDe_WGS	chr17	9940000	18300000	417	0.4064	8360000	gain
HeDe_WGS	chr17	18320000	22320000	201	0.7811	4000000	gain
HeDe_WGS	chr17	22340000	22960000	32	0.2419	620000	neutral
HeDe_WGS	chr17	22980000	24120000	58	0.8688	1140000	gain
HeDe_WGS	chr17	24140000	25980000	92	0.1879	1840000	neutral
HeDe_WGS	chr17	26000000	31200000	259	0.5808	5200000	gain
HeDe_WGS	chr17	31220000	31480000	14	-0.8755	260000	loss
HeDe_WGS	chr17	31500000	36000000	225	0.4835	4500000	gain
HeDe_WGS	chr17	36020000	36180000	8	-6.7053	160000	loss
HeDe_WGS	chr17	36200000	39600000	171	-0.9244	3400000	loss
HeDe_WGS	chr17	39620000	40080000	24	-0.4292	460000	loss
HeDe_WGS	chr17	40100000	42320000	112	0.4278	2220000	gain
HeDe_WGS	chr17	42340000	43420000	43	-1.7363	1080000	loss
HeDe_WGS	chr17	43440000	44380000	48	-2.545	940000	loss
HeDe_WGS	chr17	44400000	46620000	112	-2.3172	2220000	loss
HeDe_WGS	chr17	46640000	46940000	15	-2.4781	300000	loss
HeDe_WGS	chr17	46960000	47080000	7	-1.8158	120000	loss
HeDe_WGS	chr17	47100000	48060000	49	-0.4508	960000	loss
HeDe_WGS	chr17	48080000	48220000	8	0.7902	140000	gain
HeDe_WGS	chr17	48240000	48960000	37	-0.4423	720000	loss
HeDe_WGS	chr17	48980000	49580000	28	0.528	600000	gain
HeDe_WGS	chr17	49600000	51600000	99	-0.0891	2000000	neutral
HeDe_WGS	chr17	51620000	51960000	18	-0.2973	340000	neutral
HeDe_WGS	chr17	51980000	52520000	27	-1.1187	540000	loss
HeDe_WGS	chr17	52540000	54080000	75	-0.3698	1540000	neutral
HeDe_WGS	chr17	54100000	54380000	15	0.5788	280000	gain
HeDe_WGS	chr17	54400000	55940000	74	-0.6066	1540000	loss
HeDe_WGS	chr17	55960000	57180000	61	0.2667	1220000	neutral
HeDe_WGS	chr17	57200000	58580000	70	0.7368	1380000	gain
HeDe_WGS	chr17	58600000	60540000	98	0.2748	1940000	neutral
HeDe_WGS	chr17	60560000	61140000	29	-0.6412	580000	loss
HeDe_WGS	chr17	61160000	62320000	59	-0.0737	1160000	neutral
HeDe_WGS	chr17	62340000	62560000	12	-1.3623	220000	loss
HeDe_WGS	chr17	62580000	62680000	6	-0.4391	100000	loss
HeDe_WGS	chr17	62700000	64040000	68	0.3265	1340000	neutral
HeDe_WGS	chr17	64060000	64740000	34	-0.4545	680000	loss
HeDe_WGS	chr17	64760000	66000000	63	0.4083	1240000	gain
HeDe_WGS	chr17	66020000	66560000	28	-0.1201	540000	neutral
HeDe_WGS	chr17	66580000	67080000	26	0.443	500000	gain
HeDe_WGS	chr17	67100000	68580000	74	-0.4858	1480000	loss
HeDe_WGS	chr17	68600000	69540000	48	0.1375	940000	neutral
HeDe_WGS	chr17	69560000	71200000	82	-0.3995	1640000	neutral
HeDe_WGS	chr17	71220000	72880000	84	0.4926	1660000	gain
HeDe_WGS	chr17	72900000	72940000	3	-1.0047	40000	loss
HeDe_WGS	chr17	72960000	74020000	54	0.5144	1060000	gain
HeDe_WGS	chr17	74040000	75700000	84	-0.2762	1660000	neutral
HeDe_WGS	chr17	75720000	76300000	30	0.5672	580000	gain
HeDe_WGS	chr17	76320000	76360000	3	-1.2212	40000	loss
HeDe_WGS	chr17	76380000	76480000	5	-4.8172	100000	loss
HeDe_WGS	chr17	76500000	77300000	41	0.1213	800000	neutral
HeDe_WGS	chr17	77320000	79600000	115	0.6999	2280000	gain
HeDe_WGS	chr17	79620000	82940000	167	0.3242	3320000	neutral
HeDe_WGS	chr17	82960000	85000000	101	-0.3544	2040000	neutral
HeDe_WGS	chr17	85020000	85660000	33	0.5435	640000	gain
HeDe_WGS	chr17	85680000	87040000	69	0.1761	1360000	neutral
HeDe_WGS	chr17	87060000	88700000	82	0.656	1640000	gain
HeDe_WGS	chr17	88720000	89600000	45	-0.0999	880000	neutral
HeDe_WGS	chr17	89620000	89920000	16	0.4849	300000	gain
HeDe_WGS	chr17	89940000	90060000	6	-0.143	120000	neutral
HeDe_WGS	chr17	90080000	90640000	28	-0.892	560000	loss
HeDe_WGS	chr17	90680000	92560000	79	-0.2505	1880000	neutral
HeDe_WGS	chr17	92580000	93500000	47	0.2666	920000	neutral
HeDe_WGS	chr18	0	840000	43	-0.9342	840000	loss
HeDe_WGS	chr18	860000	1120000	14	0.0206	260000	neutral
HeDe_WGS	chr18	1140000	1660000	27	-0.4708	520000	loss
HeDe_WGS	chr18	1680000	2400000	37	0.1953	720000	neutral
HeDe_WGS	chr18	2420000	2800000	19	-0.8667	380000	loss
HeDe_WGS	chr18	2820000	5180000	119	0.5917	2360000	gain
HeDe_WGS	chr18	5200000	6920000	87	0.222	1720000	neutral
HeDe_WGS	chr18	6940000	7120000	10	-0.096	180000	neutral
HeDe_WGS	chr18	7140000	11600000	222	-0.7371	4460000	loss
HeDe_WGS	chr18	11620000	12960000	68	0.5373	1340000	gain
HeDe_WGS	chr18	12980000	14880000	95	-0.223	1900000	neutral
HeDe_WGS	chr18	14900000	16700000	90	0.5354	1800000	gain
HeDe_WGS	chr18	16720000	17000000	15	-0.4115	280000	loss
HeDe_WGS	chr18	17020000	17620000	31	0.4956	600000	gain
HeDe_WGS	chr18	17640000	21620000	194	-0.6835	3980000	loss
HeDe_WGS	chr18	21640000	22640000	51	-0.0901	1000000	neutral
HeDe_WGS	chr18	22660000	23460000	41	-0.4908	800000	loss
HeDe_WGS	chr18	23480000	28700000	261	0.4181	5220000	gain
HeDe_WGS	chr18	28720000	29880000	59	-0.7242	1160000	loss
HeDe_WGS	chr18	29900000	30320000	22	0.2727	420000	neutral
HeDe_WGS	chr18	30340000	31580000	63	0.8435	1240000	gain
HeDe_WGS	chr18	31600000	32080000	23	0.265	480000	neutral
HeDe_WGS	chr18	32100000	34080000	98	-0.4028	1980000	loss
HeDe_WGS	chr18	34100000	35100000	49	0.482	1000000	gain
HeDe_WGS	chr18	35120000	35440000	17	-0.2836	320000	neutral
HeDe_WGS	chr18	35460000	35700000	12	0.4945	240000	gain
HeDe_WGS	chr18	35720000	37020000	65	-0.6759	1300000	loss
HeDe_WGS	chr18	37040000	37100000	4	1.3658	60000	gain
HeDe_WGS	chr18	37120000	37560000	22	-0.3953	440000	neutral
HeDe_WGS	chr18	37580000	37860000	15	-2.344	280000	loss
HeDe_WGS	chr18	37880000	39360000	74	-2.2159	1480000	loss
HeDe_WGS	chr18	39380000	39500000	7	-2.3982	120000	loss
HeDe_WGS	chr18	39520000	39580000	4	-1.503	60000	loss
HeDe_WGS	chr18	39600000	40980000	69	-0.8001	1380000	loss
HeDe_WGS	chr18	41000000	42880000	95	0.1335	1880000	neutral
HeDe_WGS	chr18	42900000	44620000	86	-0.7684	1720000	loss
HeDe_WGS	chr18	44640000	45040000	20	0.0515	400000	neutral
HeDe_WGS	chr18	45060000	45340000	15	-1.0336	280000	loss
HeDe_WGS	chr18	45360000	45580000	12	0.6644	220000	gain
HeDe_WGS	chr18	45600000	48060000	122	-0.5767	2460000	loss
HeDe_WGS	chr18	48080000	51340000	164	0.4598	3260000	gain
HeDe_WGS	chr18	51360000	51780000	21	-0.2912	420000	neutral
HeDe_WGS	chr18	51800000	55040000	162	0.4701	3240000	gain
HeDe_WGS	chr18	55060000	56180000	55	-0.3616	1120000	neutral
HeDe_WGS	chr18	56200000	57480000	65	0.4303	1280000	gain
HeDe_WGS	chr18	57500000	57960000	24	0.9661	460000	gain
HeDe_WGS	chr18	57980000	58420000	21	0.1993	440000	neutral
HeDe_WGS	chr18	58440000	58740000	16	1.1383	300000	gain
HeDe_WGS	chr18	58760000	59900000	58	0.4501	1140000	gain
HeDe_WGS	chr18	59920000	61460000	78	-0.0022	1540000	neutral
HeDe_WGS	chr18	61480000	62100000	32	0.8257	620000	gain
HeDe_WGS	chr18	62120000	62960000	43	0.2766	840000	neutral
HeDe_WGS	chr18	62980000	68960000	298	-0.3713	5980000	neutral
HeDe_WGS	chr18	68980000	69420000	23	0.546	440000	gain
HeDe_WGS	chr18	69440000	69520000	5	-0.8802	80000	loss
HeDe_WGS	chr18	69540000	70140000	31	0.3589	600000	neutral
HeDe_WGS	chr18	70160000	70500000	18	0.8802	340000	gain
HeDe_WGS	chr18	70520000	73780000	164	0.3286	3260000	neutral
HeDe_WGS	chr18	73800000	74240000	23	1.1297	440000	gain
HeDe_WGS	chr18	74260000	74460000	11	0.3114	200000	neutral
HeDe_WGS	chr18	74480000	74800000	17	1.0353	320000	gain
HeDe_WGS	chr18	74820000	75040000	12	0.2125	220000	neutral
HeDe_WGS	chr18	75060000	76440000	69	-0.1638	1380000	neutral
HeDe_WGS	chr18	76460000	80580000	207	0.39	4120000	neutral
HeDe_WGS	chr18	80600000	81040000	23	-0.0986	440000	neutral
HeDe_WGS	chr18	81060000	86120000	252	-0.5619	5060000	loss
HeDe_WGS	chr19	0	1700000	85	0.4615	1700000	gain
HeDe_WGS	chr19	1720000	8460000	334	-0.7365	6740000	loss
HeDe_WGS	chr19	8480000	8980000	26	-0.0388	500000	neutral
HeDe_WGS	chr19	9000000	12020000	152	0.6836	3020000	gain
HeDe_WGS	chr19	12040000	12980000	47	-0.223	940000	neutral
HeDe_WGS	chr19	13000000	13540000	28	0.4543	540000	gain
HeDe_WGS	chr19	13560000	13880000	16	-0.5781	320000	loss
HeDe_WGS	chr19	13900000	16420000	107	0.3978	2520000	neutral
HeDe_WGS	chr19	16460000	16680000	12	-0.9305	220000	loss
HeDe_WGS	chr19	16700000	18960000	102	0.4919	2260000	gain
HeDe_WGS	chr19	18980000	19180000	9	-1.0421	200000	loss
HeDe_WGS	chr19	19220000	21060000	76	0.5415	1840000	gain
HeDe_WGS	chr19	21080000	21460000	19	-0.4153	380000	loss
HeDe_WGS	chr19	21480000	23060000	64	0.41	1580000	gain
HeDe_WGS	chr19	23140000	23420000	14	-0.5021	280000	loss
HeDe_WGS	chr19	23440000	34040000	493	0.5188	10600000	gain
HeDe_WGS	chr19	34060000	35920000	94	0.2462	1860000	neutral
HeDe_WGS	chr19	35940000	36980000	53	0.9531	1040000	gain
HeDe_WGS	chr19	37000000	38200000	61	0.387	1200000	neutral
HeDe_WGS	chr19	38220000	39360000	32	0.1178	1140000	neutral
HeDe_WGS	chr19	39460000	39540000	4	-1.6489	80000	loss
HeDe_WGS	chr19	39560000	41740000	110	0.0093	2180000	neutral
HeDe_WGS	chr19	41760000	42100000	18	0.6245	340000	gain
HeDe_WGS	chr19	42120000	43900000	89	-0.1545	1780000	neutral
HeDe_WGS	chr19	43920000	47940000	202	0.5086	4020000	gain
HeDe_WGS	chr19	47960000	49800000	89	-0.8055	1840000	loss
HeDe_WGS	chr19	49820000	53480000	184	0.5361	3660000	gain
HeDe_WGS	chr19	53500000	54160000	34	0.0462	660000	neutral
HeDe_WGS	chr19	54180000	57220000	153	0.5713	3040000	gain
HeDe_WGS	chr19	57240000	58240000	50	-0.0748	1000000	neutral
HeDe_WGS	chr19	58260000	61140000	145	0.5621	2880000	gain
HeDe_WGS	chr19	61160000	62200000	53	0.3429	1040000	neutral
HeDe_WGS	chr19	62220000	62560000	18	-0.0576	340000	neutral
HeDe_WGS	chr19	62580000	64220000	83	0.6721	1640000	gain
HeDe_WGS	chr19	64240000	65080000	43	-0.0847	840000	neutral
HeDe_WGS	chr19	65100000	65160000	4	-0.3962	60000	neutral
HeDe_WGS	chr19	65180000	65520000	18	-0.8649	340000	loss
HeDe_WGS	chr19	65540000	66480000	48	-0.3682	940000	neutral
HeDe_WGS	chr19	66500000	67280000	40	-1.221	780000	loss
HeDe_WGS	chr19	67300000	67840000	28	-0.5904	540000	loss
HeDe_WGS	chr19	67860000	70800000	148	0.029	2940000	neutral
HeDe_WGS	chr19	70820000	73540000	137	0.5699	2720000	gain
HeDe_WGS	chr19	73560000	74240000	35	-0.8251	680000	loss
HeDe_WGS	chr2	0	2040000	103	-0.3921	2040000	neutral
HeDe_WGS	chr2	2060000	2120000	4	-2.3586	60000	loss
HeDe_WGS	chr2	2140000	2440000	16	-3.0695	300000	loss
HeDe_WGS	chr2	2460000	2580000	7	-2.7962	120000	loss
HeDe_WGS	chr2	2600000	2660000	4	-2.3787	60000	loss
HeDe_WGS	chr2	2680000	5580000	146	-0.9269	2900000	loss
HeDe_WGS	chr2	5600000	5640000	3	-2.6934	40000	loss
HeDe_WGS	chr2	5660000	6920000	64	-0.8272	1260000	loss
HeDe_WGS	chr2	6960000	7120000	9	0.4232	160000	gain
HeDe_WGS	chr2	7140000	12860000	286	-0.7234	5720000	loss
HeDe_WGS	chr2	12880000	14120000	62	0.1274	1240000	neutral
HeDe_WGS	chr2	14140000	15500000	67	-0.7034	1360000	loss
HeDe_WGS	chr2	15520000	15860000	18	0.0577	340000	neutral
HeDe_WGS	chr2	15880000	18180000	115	-0.6378	2300000	loss
HeDe_WGS	chr2	18200000	20740000	127	-0.9826	2540000	loss
HeDe_WGS	chr2	20760000	22240000	73	-0.641	1480000	loss
HeDe_WGS	chr2	22260000	23420000	58	-0.208	1160000	neutral
HeDe_WGS	chr2	23440000	23600000	9	-0.8046	160000	loss
HeDe_WGS	chr2	23620000	23880000	14	0.3768	260000	neutral
HeDe_WGS	chr2	23900000	24020000	7	-0.7925	120000	loss
HeDe_WGS	chr2	24040000	24360000	17	0.4688	320000	gain
HeDe_WGS	chr2	24380000	24560000	10	-0.4463	180000	loss
HeDe_WGS	chr2	24580000	29580000	251	0.4349	5000000	gain
HeDe_WGS	chr2	29600000	29980000	20	-0.2114	380000	neutral
HeDe_WGS	chr2	30000000	30160000	9	0.653	160000	gain
HeDe_WGS	chr2	30180000	30680000	26	-0.1914	500000	neutral
HeDe_WGS	chr2	30700000	32920000	112	0.6324	2220000	gain
HeDe_WGS	chr2	32940000	35460000	127	0.2937	2520000	neutral
HeDe_WGS	chr2	35480000	36660000	60	0.6438	1180000	gain
HeDe_WGS	chr2	36680000	36800000	7	-0.9737	120000	loss
HeDe_WGS	chr2	36820000	37020000	11	0.4678	200000	gain
HeDe_WGS	chr2	37040000	37340000	16	-0.2688	300000	neutral
HeDe_WGS	chr2	37360000	37480000	7	0.7147	120000	gain
HeDe_WGS	chr2	37500000	37840000	18	0.1092	340000	neutral
HeDe_WGS	chr2	37860000	37940000	5	1.1486	80000	gain
HeDe_WGS	chr2	37960000	39780000	91	-0.5847	1820000	loss
HeDe_WGS	chr2	39800000	40640000	42	0.0792	840000	neutral
HeDe_WGS	chr2	40660000	41280000	32	0.7772	620000	gain
HeDe_WGS	chr2	41300000	43040000	85	0.0458	1740000	neutral
HeDe_WGS	chr2	43060000	43140000	5	-2.5879	80000	loss
HeDe_WGS	chr2	43160000	43860000	35	0.4191	700000	gain
HeDe_WGS	chr2	43880000	44440000	29	-0.294	560000	neutral
HeDe_WGS	chr2	44460000	48460000	199	0.5031	4000000	gain
HeDe_WGS	chr2	48480000	50320000	93	-0.5115	1840000	loss
HeDe_WGS	chr2	50340000	50560000	12	0.5542	220000	gain
HeDe_WGS	chr2	50580000	53000000	120	-0.5851	2420000	loss
HeDe_WGS	chr2	53020000	53920000	46	0.5698	900000	gain
HeDe_WGS	chr2	53940000	54080000	8	-1.5949	140000	loss
HeDe_WGS	chr2	54100000	57060000	149	-0.1803	2960000	neutral
HeDe_WGS	chr2	57080000	59960000	144	0.4899	2880000	gain
HeDe_WGS	chr2	59980000	60860000	44	-0.5074	880000	loss
HeDe_WGS	chr2	60880000	62280000	71	0.4413	1400000	gain
HeDe_WGS	chr2	62300000	62560000	14	-0.3622	260000	neutral
HeDe_WGS	chr2	62580000	64060000	75	0.5799	1480000	gain
HeDe_WGS	chr2	64080000	64500000	22	-0.403	420000	loss
HeDe_WGS	chr2	64520000	76760000	610	-0.8397	12240000	loss
HeDe_WGS	chr2	76780000	77340000	29	-0.5486	560000	loss
HeDe_WGS	chr2	77360000	77660000	16	-0.0806	300000	neutral
HeDe_WGS	chr2	77680000	78180000	26	0.8207	500000	gain
HeDe_WGS	chr2	78200000	79660000	72	-0.2916	1460000	neutral
HeDe_WGS	chr2	79680000	80040000	19	0.6864	360000	gain
HeDe_WGS	chr2	80060000	80120000	4	-0.8895	60000	loss
HeDe_WGS	chr2	80140000	80960000	42	0.4348	820000	gain
HeDe_WGS	chr2	80980000	82860000	94	-0.7038	1880000	loss
HeDe_WGS	chr2	82880000	85480000	129	0.4933	2600000	gain
HeDe_WGS	chr2	85500000	86200000	36	-0.7732	700000	loss
HeDe_WGS	chr2	86220000	86420000	11	0.1692	200000	neutral
HeDe_WGS	chr2	86440000	87980000	50	-1.0739	1540000	loss
HeDe_WGS	chr2	88000000	93260000	251	-0.6946	5260000	loss
HeDe_WGS	chr2	93280000	95180000	96	0.427	1900000	gain
HeDe_WGS	chr2	95200000	98320000	156	-0.6341	3120000	loss
HeDe_WGS	chr2	98340000	102320000	196	-0.9092	3980000	loss
HeDe_WGS	chr2	102340000	103240000	45	-0.5995	900000	loss
HeDe_WGS	chr2	103260000	104140000	45	0.1678	880000	neutral
HeDe_WGS	chr2	104160000	106020000	91	-0.6075	1860000	loss
HeDe_WGS	chr2	106040000	106420000	20	-0.0555	380000	neutral
HeDe_WGS	chr2	106440000	106840000	21	0.6622	400000	gain
HeDe_WGS	chr2	106860000	106960000	6	-0.36870000000000003	100000	neutral
HeDe_WGS	chr2	106980000	109040000	103	-0.889	2060000	loss
HeDe_WGS	chr2	109060000	109460000	21	-1.5634	400000	loss
HeDe_WGS	chr2	109480000	111780000	113	-0.571	2300000	loss
HeDe_WGS	chr2	111800000	115360000	178	0.5704	3560000	gain
HeDe_WGS	chr2	115380000	116460000	55	-0.1405	1080000	neutral
HeDe_WGS	chr2	116480000	117800000	67	0.5124	1320000	gain
HeDe_WGS	chr2	117820000	118600000	40	-0.494	780000	loss
HeDe_WGS	chr2	118620000	124060000	271	0.3248	5440000	neutral
HeDe_WGS	chr2	124080000	126040000	97	-0.257	1960000	neutral
HeDe_WGS	chr2	126060000	126520000	24	0.8949	460000	gain
HeDe_WGS	chr2	126540000	126900000	18	-0.961	360000	loss
HeDe_WGS	chr2	126920000	127180000	14	-0.1594	260000	neutral
HeDe_WGS	chr2	127200000	136060000	429	-0.859	8860000	loss
HeDe_WGS	chr2	136080000	136960000	44	0.0254	880000	neutral
HeDe_WGS	chr2	136980000	137440000	24	0.8671	460000	gain
HeDe_WGS	chr2	137460000	137740000	15	0.1053	280000	neutral
HeDe_WGS	chr2	137760000	139560000	91	0.8034	1800000	gain
HeDe_WGS	chr2	139580000	141160000	80	0.1813	1580000	neutral
HeDe_WGS	chr2	141180000	142000000	42	0.8208	820000	gain
HeDe_WGS	chr2	142020000	143720000	85	-0.3419	1700000	neutral
HeDe_WGS	chr2	143740000	145800000	103	0.2948	2060000	neutral
HeDe_WGS	chr2	145820000	150080000	209	-0.6057	4260000	loss
HeDe_WGS	chr2	150100000	150560000	24	0.0905	460000	neutral
HeDe_WGS	chr2	150580000	151460000	43	-0.7255	880000	loss
HeDe_WGS	chr2	151480000	153300000	91	0.2755	1820000	neutral
HeDe_WGS	chr2	153320000	153600000	15	-0.4532	280000	loss
HeDe_WGS	chr2	153620000	153800000	9	-1.6168	180000	loss
HeDe_WGS	chr2	153820000	154280000	23	-0.6013	460000	loss
HeDe_WGS	chr2	154300000	156760000	122	0.4145	2460000	gain
HeDe_WGS	chr2	156780000	162580000	288	-0.7997	5800000	loss
HeDe_WGS	chr2	162600000	163000000	19	-0.1814	400000	neutral
HeDe_WGS	chr2	163020000	166320000	164	-0.759	3300000	loss
HeDe_WGS	chr2	166340000	167360000	52	0.5704	1020000	gain
HeDe_WGS	chr2	167380000	169440000	101	-0.5465	2060000	loss
HeDe_WGS	chr2	169460000	170400000	47	-0.0759	940000	neutral
HeDe_WGS	chr2	170420000	173800000	169	0.6433	3380000	gain
HeDe_WGS	chr2	173820000	174420000	29	-0.1776	600000	neutral
HeDe_WGS	chr2	174440000	176820000	120	0.3477	2380000	neutral
HeDe_WGS	chr2	176840000	177160000	17	-0.2411	320000	neutral
HeDe_WGS	chr2	177180000	178500000	67	0.4422	1320000	gain
HeDe_WGS	chr2	178520000	178780000	14	-0.8334	260000	loss
HeDe_WGS	chr2	178800000	181140000	118	0.1414	2340000	neutral
HeDe_WGS	chr2	181160000	181940000	40	0.823	780000	gain
HeDe_WGS	chr2	181960000	184620000	132	0.0869	2660000	neutral
HeDe_WGS	chr2	184640000	189360000	237	0.9405	4720000	gain
HeDe_WGS	chr2	189380000	189580000	11	-0.0818	200000	neutral
HeDe_WGS	chr2	189600000	192920000	167	0.984	3320000	gain
HeDe_WGS	chr2	192940000	193260000	17	-0.4801	320000	loss
HeDe_WGS	chr2	193280000	195200000	96	0.7158	1920000	gain
HeDe_WGS	chr2	195220000	195820000	31	1.6093	600000	gain
HeDe_WGS	chr2	195840000	196120000	15	0.9764	280000	gain
HeDe_WGS	chr2	196140000	197200000	53	-0.3554	1060000	neutral
HeDe_WGS	chr2	197220000	200300000	154	1.0141	3080000	gain
HeDe_WGS	chr2	200320000	200720000	21	0.3672	400000	neutral
HeDe_WGS	chr2	200740000	201540000	41	-0.1609	800000	neutral
HeDe_WGS	chr2	201560000	203160000	80	0.4222	1600000	gain
HeDe_WGS	chr2	203180000	206200000	150	0.8103	3020000	gain
HeDe_WGS	chr2	206220000	207640000	72	1.9641	1420000	gain
HeDe_WGS	chr2	207660000	210560000	145	0.5303	2900000	gain
HeDe_WGS	chr2	210580000	210700000	7	1.6601	120000	gain
HeDe_WGS	chr2	210720000	211780000	54	0.937	1060000	gain
HeDe_WGS	chr2	211800000	214580000	140	1.4621	2780000	gain
HeDe_WGS	chr2	214600000	217580000	150	0.4569	2980000	gain
HeDe_WGS	chr2	217600000	220440000	143	1.1348	2840000	gain
HeDe_WGS	chr2	220460000	222680000	112	1.6472	2220000	gain
HeDe_WGS	chr2	222700000	223200000	26	1.101	500000	gain
HeDe_WGS	chr2	223220000	224900000	84	0.199	1680000	neutral
HeDe_WGS	chr2	224920000	226260000	67	-0.3284	1340000	neutral
HeDe_WGS	chr2	226280000	226960000	34	0.2627	680000	neutral
HeDe_WGS	chr2	226980000	227820000	42	-0.195	840000	neutral
HeDe_WGS	chr2	227840000	230400000	129	0.381	2560000	neutral
HeDe_WGS	chr2	230420000	232840000	117	-0.4837	2420000	loss
HeDe_WGS	chr2	232860000	234000000	58	0.3411	1140000	neutral
HeDe_WGS	chr2	234020000	234320000	16	-0.624	300000	loss
HeDe_WGS	chr2	234340000	234500000	9	0.4449	160000	gain
HeDe_WGS	chr2	234520000	234600000	5	-0.9552	80000	loss
HeDe_WGS	chr2	234620000	241160000	324	0.425	6540000	gain
HeDe_WGS	chr2	241180000	243020000	90	-0.2683	1840000	neutral
HeDe_WGS	chr2	243040000	243280000	13	0.5219	240000	gain
HeDe_WGS	chr2	243300000	243340000	3	-1.1422	40000	loss
HeDe_WGS	chr2	243360000	244600000	61	0.366	1240000	neutral
HeDe_WGS	chr2	244620000	246580000	99	0.9124	1960000	gain
HeDe_WGS	chr2	246600000	247200000	29	0.3347	600000	neutral
HeDe_WGS	chr2	247220000	248060000	42	-0.4589	840000	loss
HeDe_WGS	chr2	248080000	249980000	94	0.7885	1900000	gain
HeDe_WGS	chr2	250000000	251700000	84	0.0435	1700000	neutral
HeDe_WGS	chr20	0	1220000	54	-0.4506	1220000	loss
HeDe_WGS	chr20	1240000	3580000	117	0.1768	2340000	neutral
HeDe_WGS	chr20	3600000	4200000	31	-0.6926	600000	loss
HeDe_WGS	chr20	4220000	4440000	12	0.9441	220000	gain
HeDe_WGS	chr20	4460000	4620000	9	0.1503	160000	neutral
HeDe_WGS	chr20	4640000	5800000	59	-0.7964	1160000	loss
HeDe_WGS	chr20	5820000	6000000	10	0.1354	180000	neutral
HeDe_WGS	chr20	6020000	6460000	23	-0.7735	440000	loss
HeDe_WGS	chr20	6480000	16880000	519	-0.0488	10400000	neutral
HeDe_WGS	chr20	16920000	22040000	257	0.5281	5120000	gain
HeDe_WGS	chr20	22060000	22260000	11	-0.0288	200000	neutral
HeDe_WGS	chr20	22280000	24180000	95	-0.537	1900000	loss
HeDe_WGS	chr20	24200000	25460000	64	0.0887	1260000	neutral
HeDe_WGS	chr20	25480000	26420000	22	0.7198	940000	gain
HeDe_WGS	chr20	26440000	27100000	34	-0.0601	660000	neutral
HeDe_WGS	chr20	27120000	28560000	73	0.552	1440000	gain
HeDe_WGS	chr20	28580000	29300000	37	-0.1349	720000	neutral
HeDe_WGS	chr20	29320000	31240000	97	0.2631	1920000	neutral
HeDe_WGS	chr20	31260000	32620000	69	-0.1571	1360000	neutral
HeDe_WGS	chr20	32640000	34020000	69	0.2627	1380000	neutral
HeDe_WGS	chr20	34040000	35820000	88	-0.7119	1780000	loss
HeDe_WGS	chr20	35840000	36100000	14	0.0746	260000	neutral
HeDe_WGS	chr20	36120000	36240000	7	-0.8456	120000	loss
HeDe_WGS	chr20	36260000	36520000	14	0.3467	260000	neutral
HeDe_WGS	chr20	36540000	37440000	45	-0.5747	900000	loss
HeDe_WGS	chr20	37460000	37560000	5	0.5014	100000	gain
HeDe_WGS	chr20	37580000	37720000	8	-0.5022	140000	loss
HeDe_WGS	chr20	37740000	39480000	88	-1.0858	1740000	loss
HeDe_WGS	chr20	39500000	41500000	98	-0.606	2000000	loss
HeDe_WGS	chr20	41520000	42800000	64	0.0826	1280000	neutral
HeDe_WGS	chr20	42820000	43780000	49	-0.2977	960000	neutral
HeDe_WGS	chr20	43800000	46320000	125	0.2483	2520000	neutral
HeDe_WGS	chr20	46340000	46440000	6	-2.022	100000	loss
HeDe_WGS	chr20	46460000	49680000	162	0.1282	3220000	neutral
HeDe_WGS	chr20	49700000	50080000	20	0.7207	380000	gain
HeDe_WGS	chr20	50100000	51500000	71	-0.074	1400000	neutral
HeDe_WGS	chr20	51520000	54080000	126	-0.7559	2560000	loss
HeDe_WGS	chr20	54100000	54320000	11	-1.6533	220000	loss
HeDe_WGS	chr20	54340000	56020000	85	-0.5376	1680000	loss
HeDe_WGS	chr3	0	1100000	53	-0.1526	1100000	neutral
HeDe_WGS	chr3	1120000	1380000	14	-2.5592	260000	loss
HeDe_WGS	chr3	1400000	4300000	146	0.0055	2900000	neutral
HeDe_WGS	chr3	4320000	4360000	3	-2.2471	40000	loss
HeDe_WGS	chr3	4380000	5180000	41	-0.0278	800000	neutral
HeDe_WGS	chr3	5200000	5560000	19	-2.5247	360000	loss
HeDe_WGS	chr3	5580000	5800000	12	-0.0825	220000	neutral
HeDe_WGS	chr3	5820000	5960000	7	-2.1757	140000	loss
HeDe_WGS	chr3	5980000	6940000	45	-0.1074	960000	neutral
HeDe_WGS	chr3	6960000	7160000	11	-2.5941	200000	loss
HeDe_WGS	chr3	7180000	8640000	73	0.0401	1460000	neutral
HeDe_WGS	chr3	8660000	8860000	11	-2.4595	200000	loss
HeDe_WGS	chr3	8880000	9040000	9	0.1506	160000	neutral
HeDe_WGS	chr3	9060000	9240000	10	-2.5914	180000	loss
HeDe_WGS	chr3	9260000	15340000	305	-0.0124	6080000	neutral
HeDe_WGS	chr3	15360000	16460000	32	-1.2601	1100000	loss
HeDe_WGS	chr3	16480000	17540000	43	-0.6431	1060000	loss
HeDe_WGS	chr3	17560000	18400000	20	-1.4907	840000	loss
HeDe_WGS	chr3	18420000	20860000	122	-0.0042	2440000	neutral
HeDe_WGS	chr3	20880000	21600000	37	-0.2757	720000	neutral
HeDe_WGS	chr3	21620000	21740000	7	-1.4674	120000	loss
HeDe_WGS	chr3	21760000	25720000	180	-0.3293	3960000	neutral
HeDe_WGS	chr3	25740000	26000000	14	0.4429	260000	gain
HeDe_WGS	chr3	26020000	27440000	72	-0.5926	1420000	loss
HeDe_WGS	chr3	27460000	28180000	37	0.5531	720000	gain
HeDe_WGS	chr3	28200000	32340000	208	-0.0485	4140000	neutral
HeDe_WGS	chr3	32360000	33660000	66	0.5031	1300000	gain
HeDe_WGS	chr3	33680000	36680000	151	-0.0438	3000000	neutral
HeDe_WGS	chr3	36700000	37160000	24	0.6169	460000	gain
HeDe_WGS	chr3	37180000	37860000	35	-0.0128	680000	neutral
HeDe_WGS	chr3	37880000	38100000	12	0.7684	220000	gain
HeDe_WGS	chr3	38120000	38260000	8	1.5245	140000	gain
HeDe_WGS	chr3	38280000	40020000	88	0.4295	1740000	gain
HeDe_WGS	chr3	40040000	41620000	78	-0.4403	1580000	loss
HeDe_WGS	chr3	41640000	41980000	18	0.2503	340000	neutral
HeDe_WGS	chr3	42000000	42220000	12	1.4156	220000	gain
HeDe_WGS	chr3	42240000	43520000	65	0.3218	1280000	neutral
HeDe_WGS	chr3	43540000	48240000	226	-0.5718	4700000	loss
HeDe_WGS	chr3	48260000	48900000	30	0.3178	640000	neutral
HeDe_WGS	chr3	48920000	49140000	12	1.1231	220000	gain
HeDe_WGS	chr3	49160000	49280000	7	0.4259	120000	gain
HeDe_WGS	chr3	49300000	49580000	15	-0.5728	280000	loss
HeDe_WGS	chr3	49600000	50060000	24	0.4631	460000	gain
HeDe_WGS	chr3	50080000	53160000	153	-0.3711	3080000	neutral
HeDe_WGS	chr3	53180000	53480000	16	0.7123	300000	gain
HeDe_WGS	chr3	53500000	54060000	29	-0.2864	560000	neutral
HeDe_WGS	chr3	54080000	54240000	9	0.9067	160000	gain
HeDe_WGS	chr3	54260000	54340000	5	-0.5225	80000	loss
HeDe_WGS	chr3	54360000	55100000	37	1.0025	740000	gain
HeDe_WGS	chr3	55120000	56840000	87	0.3293	1720000	neutral
HeDe_WGS	chr3	56860000	58020000	58	0.9559	1160000	gain
HeDe_WGS	chr3	58060000	62100000	198	-0.4867	4040000	loss
HeDe_WGS	chr3	62120000	62380000	14	0.6864	260000	gain
HeDe_WGS	chr3	62400000	63200000	41	-0.0437	800000	neutral
HeDe_WGS	chr3	63220000	65660000	122	0.8312	2440000	gain
HeDe_WGS	chr3	65680000	65700000	2	-4.5697	20000	loss
HeDe_WGS	chr3	65720000	66720000	51	0.3	1000000	neutral
HeDe_WGS	chr3	66740000	67360000	32	-0.6227	620000	loss
HeDe_WGS	chr3	67380000	67800000	21	0.6054	420000	gain
HeDe_WGS	chr3	67840000	69400000	77	-0.4083	1560000	loss
HeDe_WGS	chr3	69420000	70200000	40	-0.001	780000	neutral
HeDe_WGS	chr3	70220000	71160000	48	0.6417	940000	gain
HeDe_WGS	chr3	71180000	71500000	17	0.0863	320000	neutral
HeDe_WGS	chr3	71520000	72520000	50	-0.3456	1000000	neutral
HeDe_WGS	chr3	72540000	73700000	59	0.3587	1160000	neutral
HeDe_WGS	chr3	73720000	73920000	11	-0.6271	200000	loss
HeDe_WGS	chr3	73940000	76920000	150	0.6179	2980000	gain
HeDe_WGS	chr3	76940000	78120000	60	1.0115	1180000	gain
HeDe_WGS	chr3	78140000	79120000	50	0.6982	980000	gain
HeDe_WGS	chr3	79140000	79220000	5	-0.4107	80000	loss
HeDe_WGS	chr3	79240000	79840000	31	0.755	600000	gain
HeDe_WGS	chr3	79860000	80180000	17	-0.1997	320000	neutral
HeDe_WGS	chr3	80200000	83300000	155	0.9084	3100000	gain
HeDe_WGS	chr3	83320000	86000000	128	0.3023	2680000	neutral
HeDe_WGS	chr3	86020000	89140000	154	-0.5265	3120000	loss
HeDe_WGS	chr3	89180000	89440000	14	0.527	260000	gain
HeDe_WGS	chr3	89460000	89920000	24	-0.1805	460000	neutral
HeDe_WGS	chr3	89940000	90720000	40	0.6544	780000	gain
HeDe_WGS	chr3	90740000	96820000	299	-0.6331	6080000	loss
HeDe_WGS	chr3	96840000	100920000	204	0.5589	4080000	gain
HeDe_WGS	chr3	100940000	101380000	23	-0.0479	440000	neutral
HeDe_WGS	chr3	101400000	107820000	316	-0.668	6420000	loss
HeDe_WGS	chr3	107860000	108100000	13	-1e-4	240000	neutral
HeDe_WGS	chr3	108120000	112540000	220	0.6726	4420000	gain
HeDe_WGS	chr3	112560000	113280000	37	0.0474	720000	neutral
HeDe_WGS	chr3	113300000	114040000	37	0.7237	740000	gain
HeDe_WGS	chr3	114060000	119520000	265	-0.4145	5460000	loss
HeDe_WGS	chr3	119540000	121540000	101	0.601	2000000	gain
HeDe_WGS	chr3	121560000	122740000	57	-0.2136	1180000	neutral
HeDe_WGS	chr3	122760000	123360000	30	0.6665	600000	gain
HeDe_WGS	chr3	123380000	123960000	29	-0.1907	580000	neutral
HeDe_WGS	chr3	123980000	130500000	324	0.5791	6520000	gain
HeDe_WGS	chr3	130520000	131800000	65	-0.3909	1280000	neutral
HeDe_WGS	chr3	131840000	141560000	483	0.6997	9720000	gain
HeDe_WGS	chr3	141580000	143440000	91	0.0666	1860000	neutral
HeDe_WGS	chr3	143460000	143740000	15	0.9721	280000	gain
HeDe_WGS	chr3	143760000	146520000	135	0.0588	2760000	neutral
HeDe_WGS	chr3	146540000	147160000	32	-0.4815	620000	loss
HeDe_WGS	chr3	147180000	150320000	154	0.0592	3140000	neutral
HeDe_WGS	chr3	150340000	151020000	34	0.6473	680000	gain
HeDe_WGS	chr3	151040000	151580000	27	-0.0918	540000	neutral
HeDe_WGS	chr3	151600000	154640000	153	0.7936	3040000	gain
HeDe_WGS	chr3	154660000	155080000	22	-0.1131	420000	neutral
HeDe_WGS	chr3	155100000	156780000	84	0.7039	1680000	gain
HeDe_WGS	chr3	156800000	157940000	55	-1.1022	1140000	loss
HeDe_WGS	chr3	157960000	158340000	19	-0.4556	380000	loss
HeDe_WGS	chr3	158360000	158700000	17	0.6157	340000	gain
HeDe_WGS	chr3	158720000	159560000	43	-0.1312	840000	neutral
HeDe_WGS	chr3	159580000	170440000	544	0.49370000000000003	10860000	gain
HeDe_WGS	chr3	170460000	171940000	75	0.9084	1480000	gain
HeDe_WGS	chr3	171960000	173960000	101	0.4995	2000000	gain
HeDe_WGS	chr3	173980000	174080000	6	0.0111	100000	neutral
HeDe_WGS	chr3	174100000	175100000	51	-1.1615	1000000	loss
HeDe_WGS	chr3	175120000	175220000	6	-0.2009	100000	neutral
HeDe_WGS	chr3	175240000	175700000	24	-1.1169	460000	loss
HeDe_WGS	chr3	175720000	175820000	6	-1.8377	100000	loss
HeDe_WGS	chr3	175840000	175920000	5	-0.9374	80000	loss
HeDe_WGS	chr3	175940000	176220000	15	0.5618	280000	gain
HeDe_WGS	chr3	176240000	176420000	10	-0.1615	180000	neutral
HeDe_WGS	chr3	176440000	176600000	9	0.6045	160000	gain
HeDe_WGS	chr3	176620000	178100000	75	-0.1156	1480000	neutral
HeDe_WGS	chr3	178120000	180080000	99	0.4401	1960000	gain
HeDe_WGS	chr3	180100000	180440000	18	0.893	340000	gain
HeDe_WGS	chr3	180460000	181600000	58	0.4012	1140000	gain
HeDe_WGS	chr3	181620000	182560000	48	-0.3555	940000	neutral
HeDe_WGS	chr3	182580000	183880000	66	0.2516	1300000	neutral
HeDe_WGS	chr3	183900000	184100000	11	1.0752	200000	gain
HeDe_WGS	chr3	184120000	184240000	7	0.185	120000	neutral
HeDe_WGS	chr3	184260000	185540000	65	-0.3931	1280000	neutral
HeDe_WGS	chr3	185560000	186920000	68	0.3513	1360000	neutral
HeDe_WGS	chr3	186940000	187940000	51	-0.0519	1000000	neutral
HeDe_WGS	chr3	187960000	189420000	74	0.4391	1460000	gain
HeDe_WGS	chr4	0	580000	30	-0.4687	580000	loss
HeDe_WGS	chr4	600000	1100000	26	-2.5138	500000	loss
HeDe_WGS	chr4	1120000	1300000	10	-0.0703	180000	neutral
HeDe_WGS	chr4	1320000	6020000	236	-0.9042	4700000	loss
HeDe_WGS	chr4	6040000	6820000	38	0.3109	780000	neutral
HeDe_WGS	chr4	6840000	7100000	14	-0.5754	260000	loss
HeDe_WGS	chr4	7120000	11040000	196	0.4504	3920000	gain
HeDe_WGS	chr4	11060000	11240000	7	3.6346	180000	gain
HeDe_WGS	chr4	11260000	11540000	15	0.1817	280000	neutral
HeDe_WGS	chr4	11560000	11740000	10	-0.7016	180000	loss
HeDe_WGS	chr4	11760000	16080000	215	0.3779	4320000	neutral
HeDe_WGS	chr4	16100000	19900000	191	-0.4125	3800000	loss
HeDe_WGS	chr4	19960000	20300000	17	0.3529	340000	neutral
HeDe_WGS	chr4	20320000	22020000	81	-0.2316	1700000	neutral
HeDe_WGS	chr4	22060000	25340000	162	-0.7776	3280000	loss
HeDe_WGS	chr4	25360000	27460000	106	-0.0158	2100000	neutral
HeDe_WGS	chr4	27480000	29180000	83	-0.6716	1700000	loss
HeDe_WGS	chr4	29200000	31920000	137	0.2242	2720000	neutral
HeDe_WGS	chr4	31940000	33300000	67	-0.4305	1360000	loss
HeDe_WGS	chr4	33320000	34000000	34	0.1039	680000	neutral
HeDe_WGS	chr4	34020000	34300000	15	0.7441	280000	gain
HeDe_WGS	chr4	34320000	34880000	29	-0.1286	560000	neutral
HeDe_WGS	chr4	34900000	35620000	37	0.6246	720000	gain
HeDe_WGS	chr4	35640000	37940000	109	-0.0691	2300000	neutral
HeDe_WGS	chr4	37960000	41360000	169	-0.7118	3400000	loss
HeDe_WGS	chr4	41380000	41460000	4	0.5701	80000	gain
HeDe_WGS	chr4	41480000	44340000	144	-0.6833	2860000	loss
HeDe_WGS	chr4	44360000	46180000	87	-0.4034	1820000	loss
HeDe_WGS	chr4	46200000	47360000	59	0.2286	1160000	neutral
HeDe_WGS	chr4	47380000	47740000	18	-0.8415	360000	loss
HeDe_WGS	chr4	47760000	47960000	11	0.2928	200000	neutral
HeDe_WGS	chr4	47980000	50760000	137	-0.7032	2780000	loss
HeDe_WGS	chr4	50780000	51440000	33	0.0974	660000	neutral
HeDe_WGS	chr4	51460000	51880000	22	0.6943	420000	gain
HeDe_WGS	chr4	51900000	54060000	107	0.0234	2160000	neutral
HeDe_WGS	chr4	54080000	57400000	162	-0.6811	3320000	loss
HeDe_WGS	chr4	57420000	58220000	41	0.2048	800000	neutral
HeDe_WGS	chr4	58260000	58380000	7	1.6106	120000	gain
HeDe_WGS	chr4	58400000	58980000	30	0.5607	580000	gain
HeDe_WGS	chr4	59000000	59120000	7	-0.5904	120000	loss
HeDe_WGS	chr4	59140000	61300000	108	0.5494	2160000	gain
HeDe_WGS	chr4	61320000	62440000	57	0.9876	1120000	gain
HeDe_WGS	chr4	62460000	62680000	11	0.3251	220000	neutral
HeDe_WGS	chr4	62700000	63200000	26	-0.3392	500000	neutral
HeDe_WGS	chr4	63220000	63460000	12	0.355	240000	neutral
HeDe_WGS	chr4	63480000	64400000	47	0.8619	920000	gain
HeDe_WGS	chr4	64420000	64820000	20	0.131	400000	neutral
HeDe_WGS	chr4	64840000	65100000	14	0.8398	260000	gain
HeDe_WGS	chr4	65120000	65440000	17	0.1296	320000	neutral
HeDe_WGS	chr4	65460000	66020000	29	-0.4586	560000	loss
HeDe_WGS	chr4	66040000	67020000	49	0.5187	980000	gain
HeDe_WGS	chr4	67040000	67680000	33	-0.1178	640000	neutral
HeDe_WGS	chr4	67700000	70260000	128	0.5578	2560000	gain
HeDe_WGS	chr4	70280000	73300000	151	-0.2422	3020000	neutral
HeDe_WGS	chr4	73320000	75560000	111	-0.6362	2240000	loss
HeDe_WGS	chr4	75580000	75780000	11	-1.5531	200000	loss
HeDe_WGS	chr4	75800000	76720000	46	-0.6245	920000	loss
HeDe_WGS	chr4	76740000	77180000	22	-0.1313	440000	neutral
HeDe_WGS	chr4	77200000	77640000	22	0.7015	440000	gain
HeDe_WGS	chr4	77660000	78100000	18	-0.9055	440000	loss
HeDe_WGS	chr4	78120000	79680000	79	0.4106	1560000	gain
HeDe_WGS	chr4	79700000	79860000	9	-0.821	160000	loss
HeDe_WGS	chr4	79880000	82400000	127	0.7975	2520000	gain
HeDe_WGS	chr4	82420000	82560000	8	0.2003	140000	neutral
HeDe_WGS	chr4	82580000	82680000	6	-0.5938	100000	loss
HeDe_WGS	chr4	82700000	82760000	4	0.323	60000	neutral
HeDe_WGS	chr4	82780000	86320000	177	0.7805	3540000	gain
HeDe_WGS	chr4	86340000	87520000	59	-0.0485	1180000	neutral
HeDe_WGS	chr4	87540000	88680000	58	-0.8687	1140000	loss
HeDe_WGS	chr4	88700000	89400000	36	-0.066	700000	neutral
HeDe_WGS	chr4	89420000	91060000	83	-0.7622	1640000	loss
HeDe_WGS	chr4	91080000	92020000	46	-0.315	940000	neutral
HeDe_WGS	chr4	92040000	92440000	21	-0.7135	400000	loss
HeDe_WGS	chr4	92460000	92700000	12	-1.4156	240000	loss
HeDe_WGS	chr4	92720000	93680000	49	-0.8463	960000	loss
HeDe_WGS	chr4	93700000	93780000	5	-1.4019	80000	loss
HeDe_WGS	chr4	93800000	95080000	62	-0.6406	1280000	loss
HeDe_WGS	chr4	95100000	95200000	6	0.6832	100000	gain
HeDe_WGS	chr4	95220000	97360000	104	-0.4652	2140000	loss
HeDe_WGS	chr4	97380000	97660000	15	0.934	280000	gain
HeDe_WGS	chr4	97680000	98680000	49	-0.5625	1000000	loss
HeDe_WGS	chr4	98700000	103340000	215	-0.9175	4640000	loss
HeDe_WGS	chr4	103360000	104220000	44	-0.6155	860000	loss
HeDe_WGS	chr4	104240000	107100000	144	0.4765	2860000	gain
HeDe_WGS	chr4	107120000	107420000	16	-0.3169	300000	neutral
HeDe_WGS	chr4	107440000	115360000	389	-0.8459	7920000	loss
HeDe_WGS	chr4	115380000	115680000	16	-0.4665	300000	loss
HeDe_WGS	chr4	115700000	120840000	256	0.3361	5140000	neutral
HeDe_WGS	chr4	120860000	120980000	7	1.4515	120000	gain
HeDe_WGS	chr4	121000000	123340000	118	0.4136	2340000	gain
HeDe_WGS	chr4	123360000	123620000	14	1.1811	260000	gain
HeDe_WGS	chr4	123640000	123940000	16	-0.7622	300000	loss
HeDe_WGS	chr4	123960000	124340000	20	-1.6297	380000	loss
HeDe_WGS	chr4	124360000	124680000	17	-0.7184	320000	loss
HeDe_WGS	chr4	124700000	124840000	8	0.2784	140000	neutral
HeDe_WGS	chr4	124860000	125020000	9	1.6185	160000	gain
HeDe_WGS	chr4	125040000	127800000	139	0.4707	2760000	gain
HeDe_WGS	chr4	127820000	128040000	12	-0.3017	220000	neutral
HeDe_WGS	chr4	128060000	129180000	57	0.8444	1120000	gain
HeDe_WGS	chr4	129200000	129400000	11	-0.4379	200000	loss
HeDe_WGS	chr4	129420000	129920000	26	0.4866	500000	gain
HeDe_WGS	chr4	129940000	131140000	61	-0.0645	1200000	neutral
HeDe_WGS	chr4	131160000	132100000	48	0.8016	940000	gain
HeDe_WGS	chr4	132120000	132940000	41	0.0549	820000	neutral
HeDe_WGS	chr4	132960000	133280000	17	0.518	320000	gain
HeDe_WGS	chr4	133300000	133640000	18	1.2319	340000	gain
HeDe_WGS	chr4	133660000	135700000	103	0.6002	2040000	gain
HeDe_WGS	chr4	135720000	136100000	20	-0.3926	380000	neutral
HeDe_WGS	chr4	136120000	140780000	228	-0.7958	4660000	loss
HeDe_WGS	chr4	140800000	142580000	89	-0.5021	1780000	loss
HeDe_WGS	chr4	142600000	142740000	8	0.5553	140000	gain
HeDe_WGS	chr4	142760000	143140000	20	1.3728	380000	gain
HeDe_WGS	chr4	143160000	143380000	12	0.4322	220000	gain
HeDe_WGS	chr4	143400000	144400000	50	-0.4137	1000000	loss
HeDe_WGS	chr4	144420000	145900000	74	-0.9142	1480000	loss
HeDe_WGS	chr4	145920000	146840000	45	-0.4954	920000	loss
HeDe_WGS	chr4	146860000	149200000	118	0.5447	2340000	gain
HeDe_WGS	chr4	149220000	149360000	8	-0.8795	140000	loss
HeDe_WGS	chr4	149380000	150620000	62	0.5851	1240000	gain
HeDe_WGS	chr4	150640000	151540000	46	-0.1799	900000	neutral
HeDe_WGS	chr4	151560000	153000000	73	0.5865	1440000	gain
HeDe_WGS	chr4	153020000	154620000	81	-0.506	1600000	loss
HeDe_WGS	chr4	154640000	157840000	161	0.2856	3200000	neutral
HeDe_WGS	chr4	157860000	158900000	53	-0.852	1040000	loss
HeDe_WGS	chr4	158920000	159860000	48	0.0622	940000	neutral
HeDe_WGS	chr4	159880000	162460000	130	0.5579	2580000	gain
HeDe_WGS	chr4	162480000	162640000	9	-0.4158	160000	loss
HeDe_WGS	chr4	162660000	163640000	50	0.4979	980000	gain
HeDe_WGS	chr4	163660000	164680000	52	-0.0203	1020000	neutral
HeDe_WGS	chr4	164700000	165240000	27	-0.7739	540000	loss
HeDe_WGS	chr4	165260000	166720000	73	-1.1547	1460000	loss
HeDe_WGS	chr4	166740000	166900000	9	-0.0125	160000	neutral
HeDe_WGS	chr4	166920000	167780000	44	-0.7781	860000	loss
HeDe_WGS	chr4	167800000	168500000	36	-0.2393	700000	neutral
HeDe_WGS	chr4	168520000	170320000	91	0.5233	1800000	gain
HeDe_WGS	chr4	170340000	170500000	9	1.319	160000	gain
HeDe_WGS	chr4	170520000	172900000	120	0.381	2380000	neutral
HeDe_WGS	chr4	172920000	174400000	74	-0.1669	1480000	neutral
HeDe_WGS	chr4	174420000	175680000	64	0.3544	1260000	neutral
HeDe_WGS	chr4	175700000	176240000	28	-0.0817	540000	neutral
HeDe_WGS	chr4	176260000	176780000	27	-0.6657	520000	loss
HeDe_WGS	chr4	176800000	177260000	24	0.036	460000	neutral
HeDe_WGS	chr4	177280000	181280000	201	0.3218	4000000	neutral
HeDe_WGS	chr4	181300000	183280000	100	0.5891	1980000	gain
HeDe_WGS	chr4	183300000	184420000	56	0.0993	1120000	neutral
HeDe_WGS	chr5	0	1920000	97	-2.4777	1920000	loss
HeDe_WGS	chr5	1940000	2420000	25	-3.1053	480000	loss
HeDe_WGS	chr5	2440000	2900000	24	-2.4372	460000	loss
HeDe_WGS	chr5	2920000	4200000	65	-2.1632	1280000	loss
HeDe_WGS	chr5	4220000	4380000	9	-2.357	160000	loss
HeDe_WGS	chr5	4400000	7420000	151	-0.7193	3020000	loss
HeDe_WGS	chr5	7440000	8440000	51	0.2322	1000000	neutral
HeDe_WGS	chr5	8460000	9080000	31	-0.2745	620000	neutral
HeDe_WGS	chr5	9100000	11460000	118	0.3685	2360000	neutral
HeDe_WGS	chr5	11480000	13520000	102	-0.4586	2040000	loss
HeDe_WGS	chr5	13540000	14560000	52	0.2373	1020000	neutral
HeDe_WGS	chr5	14580000	17040000	124	-0.8152	2460000	loss
HeDe_WGS	chr5	17060000	18140000	53	-0.1721	1080000	neutral
HeDe_WGS	chr5	18160000	18940000	40	-0.8658	780000	loss
HeDe_WGS	chr5	18960000	20120000	59	-0.0803	1160000	neutral
HeDe_WGS	chr5	20140000	20680000	26	-0.7667	540000	loss
HeDe_WGS	chr5	20700000	21320000	32	-0.2017	620000	neutral
HeDe_WGS	chr5	21340000	21800000	24	0.3586	460000	neutral
HeDe_WGS	chr5	21820000	23480000	83	-0.4566	1660000	loss
HeDe_WGS	chr5	23500000	23900000	21	0.2442	400000	neutral
HeDe_WGS	chr5	23920000	24060000	8	-0.6088	140000	loss
HeDe_WGS	chr5	24080000	24400000	17	0.5919	320000	gain
HeDe_WGS	chr5	24420000	24640000	12	-0.6546	220000	loss
HeDe_WGS	chr5	24660000	24900000	13	0.6367	240000	gain
HeDe_WGS	chr5	24920000	26100000	59	-0.5372	1180000	loss
HeDe_WGS	chr5	26120000	27760000	83	0.3723	1640000	neutral
HeDe_WGS	chr5	27780000	28140000	19	-0.2321	360000	neutral
HeDe_WGS	chr5	28160000	28280000	7	0.7682	120000	gain
HeDe_WGS	chr5	28300000	28580000	15	-0.4373	280000	loss
HeDe_WGS	chr5	28600000	30840000	113	0.3859	2240000	neutral
HeDe_WGS	chr5	30860000	34040000	158	-0.2687	3180000	neutral
HeDe_WGS	chr5	34060000	34420000	19	0.3403	360000	neutral
HeDe_WGS	chr5	34440000	37780000	167	-0.7734	3340000	loss
HeDe_WGS	chr5	37800000	38200000	19	-0.0021	400000	neutral
HeDe_WGS	chr5	38220000	39880000	82	-0.5954	1660000	loss
HeDe_WGS	chr5	39900000	40820000	47	0.162	920000	neutral
HeDe_WGS	chr5	40840000	43000000	108	-0.6886	2160000	loss
HeDe_WGS	chr5	43020000	43480000	22	0.2331	460000	neutral
HeDe_WGS	chr5	43500000	50500000	347	-0.6826	7000000	loss
HeDe_WGS	chr5	50520000	52360000	93	0.619	1840000	gain
HeDe_WGS	chr5	52380000	54140000	89	0.0403	1760000	neutral
HeDe_WGS	chr5	54160000	54780000	32	0.5633	620000	gain
HeDe_WGS	chr5	54800000	59840000	252	-0.7418	5040000	loss
HeDe_WGS	chr5	59860000	63400000	178	0.3599	3540000	neutral
HeDe_WGS	chr5	63420000	64100000	34	-0.1061	680000	neutral
HeDe_WGS	chr5	64120000	66600000	125	0.3355	2480000	neutral
HeDe_WGS	chr5	66620000	66940000	17	0.9769	320000	gain
HeDe_WGS	chr5	66960000	67960000	51	0.3048	1000000	neutral
HeDe_WGS	chr5	67980000	68640000	34	-0.2185	660000	neutral
HeDe_WGS	chr5	68660000	68940000	15	0.4028	280000	gain
HeDe_WGS	chr5	68960000	69580000	32	-0.4656	620000	loss
HeDe_WGS	chr5	69600000	71420000	91	-0.7574	1820000	loss
HeDe_WGS	chr5	71440000	72440000	51	-0.3027	1000000	neutral
HeDe_WGS	chr5	72460000	73380000	47	0.6902	920000	gain
HeDe_WGS	chr5	73400000	74460000	53	-0.0054	1060000	neutral
HeDe_WGS	chr5	74480000	77420000	148	0.764	2940000	gain
HeDe_WGS	chr5	77440000	79640000	110	0.3855	2200000	neutral
HeDe_WGS	chr5	79660000	80700000	53	-0.071	1040000	neutral
HeDe_WGS	chr5	80720000	82680000	99	0.4753	1960000	gain
HeDe_WGS	chr5	82700000	84820000	105	-0.2362	2120000	neutral
HeDe_WGS	chr5	84840000	88120000	163	-0.8421	3280000	loss
HeDe_WGS	chr5	88140000	88760000	32	-0.3081	620000	neutral
HeDe_WGS	chr5	88780000	88960000	10	1.4992	180000	gain
HeDe_WGS	chr5	88980000	94920000	292	-0.7804	5940000	loss
HeDe_WGS	chr5	94940000	95760000	38	-0.1327	820000	neutral
HeDe_WGS	chr5	95780000	100700000	243	-0.7582	4920000	loss
HeDe_WGS	chr5	100720000	101640000	45	0.1173	920000	neutral
HeDe_WGS	chr5	101660000	103080000	70	0.7073	1420000	gain
HeDe_WGS	chr5	103100000	103300000	11	-0.6385	200000	loss
HeDe_WGS	chr5	103320000	104280000	48	0.8152	960000	gain
HeDe_WGS	chr5	104300000	106040000	87	-0.0208	1740000	neutral
HeDe_WGS	chr5	106060000	108080000	102	0.4992	2020000	gain
HeDe_WGS	chr5	108100000	108620000	24	-0.7616	520000	loss
HeDe_WGS	chr5	108640000	109000000	19	0.0308	360000	neutral
HeDe_WGS	chr5	109020000	109120000	6	-3.3306	100000	loss
HeDe_WGS	chr5	109140000	111420000	111	-0.29	2280000	neutral
HeDe_WGS	chr5	111440000	113800000	119	-0.7452	2360000	loss
HeDe_WGS	chr5	113820000	114660000	41	-0.2721	840000	neutral
HeDe_WGS	chr5	114680000	115900000	62	0.6972	1220000	gain
HeDe_WGS	chr5	115920000	117260000	66	-0.3486	1340000	neutral
HeDe_WGS	chr5	117280000	118620000	68	0.7607	1340000	gain
HeDe_WGS	chr5	118640000	119700000	54	0.3303	1060000	neutral
HeDe_WGS	chr5	119720000	121320000	81	0.8565	1600000	gain
HeDe_WGS	chr5	121340000	122380000	53	-0.2087	1040000	neutral
HeDe_WGS	chr5	122400000	123540000	58	0.5005	1140000	gain
HeDe_WGS	chr5	123560000	126160000	128	0.8273	2600000	gain
HeDe_WGS	chr5	126180000	129240000	153	0.3879	3060000	neutral
HeDe_WGS	chr5	129260000	130140000	42	-0.1941	880000	neutral
HeDe_WGS	chr5	130160000	130340000	10	0.8691	180000	gain
HeDe_WGS	chr5	130360000	131380000	51	-0.5611	1020000	loss
HeDe_WGS	chr5	131400000	131960000	28	0.5656	560000	gain
HeDe_WGS	chr5	131980000	133020000	31	-1.2033	1040000	loss
HeDe_WGS	chr5	133040000	133920000	45	0.5864	880000	gain
HeDe_WGS	chr5	133940000	134340000	21	-0.5883	400000	loss
HeDe_WGS	chr5	134360000	140080000	284	0.378	5720000	neutral
HeDe_WGS	chr5	140100000	140300000	11	-0.7412	200000	loss
HeDe_WGS	chr5	140320000	142080000	89	0.5537	1760000	gain
HeDe_WGS	chr5	142100000	147540000	273	0.2527	5440000	neutral
HeDe_WGS	chr5	147560000	147700000	8	-0.6618	140000	loss
HeDe_WGS	chr5	147720000	151500000	190	0.2584	3780000	neutral
HeDe_WGS	chr5	151520000	155460000	198	-0.0224	3940000	neutral
HeDe_WGS	chr5	155480000	155720000	13	0.8199	240000	gain
HeDe_WGS	chr5	155740000	156960000	62	0.1199	1220000	neutral
HeDe_WGS	chr5	156980000	159140000	109	-0.3397	2160000	neutral
HeDe_WGS	chr5	159160000	159240000	5	-1.4912	80000	loss
HeDe_WGS	chr5	159260000	159360000	6	0.3099	100000	neutral
HeDe_WGS	chr5	159380000	159860000	25	-0.2609	480000	neutral
HeDe_WGS	chr5	159880000	161080000	61	0.4446	1200000	gain
HeDe_WGS	chr5	161100000	161380000	15	-0.4318	280000	loss
HeDe_WGS	chr5	161400000	161520000	7	1.0188	120000	gain
HeDe_WGS	chr5	161540000	161980000	23	-0.6449	440000	loss
HeDe_WGS	chr5	162000000	162460000	24	0.9665	460000	gain
HeDe_WGS	chr5	162480000	163480000	51	-0.6768	1000000	loss
HeDe_WGS	chr5	163500000	164360000	44	-0.0493	860000	neutral
HeDe_WGS	chr5	164380000	164700000	17	-0.7317	320000	loss
HeDe_WGS	chr5	164720000	165240000	27	0.256	520000	neutral
HeDe_WGS	chr5	165260000	165940000	35	-0.2906	680000	neutral
HeDe_WGS	chr5	165960000	166040000	5	0.1902	80000	neutral
HeDe_WGS	chr5	166060000	166340000	15	0.9594	280000	gain
HeDe_WGS	chr5	166360000	168040000	85	-0.2049	1680000	neutral
HeDe_WGS	chr5	168060000	168360000	16	-0.9463	300000	loss
HeDe_WGS	chr5	168380000	169780000	71	-0.1225	1400000	neutral
HeDe_WGS	chr5	169800000	171020000	62	-0.6608	1220000	loss
HeDe_WGS	chr5	171040000	171140000	6	-0.1738	100000	neutral
HeDe_WGS	chr5	171160000	172000000	43	0.3876	840000	neutral
HeDe_WGS	chr5	172020000	172180000	9	-0.3476	160000	neutral
HeDe_WGS	chr6	0	4480000	225	-2.4695	4480000	loss
HeDe_WGS	chr6	4500000	5140000	33	-2.2326	640000	loss
HeDe_WGS	chr6	5160000	5760000	31	-2.0949	600000	loss
HeDe_WGS	chr6	5780000	6360000	30	-0.6548	580000	loss
HeDe_WGS	chr6	6380000	8780000	120	-1.0171	2400000	loss
HeDe_WGS	chr6	8800000	10900000	104	-0.5824	2100000	loss
HeDe_WGS	chr6	10920000	13160000	113	0.2124	2240000	neutral
HeDe_WGS	chr6	13180000	15240000	104	1.0207	2060000	gain
HeDe_WGS	chr6	15260000	17560000	116	0.4232	2300000	gain
HeDe_WGS	chr6	17580000	19000000	71	-0.6218	1420000	loss
HeDe_WGS	chr6	19020000	19320000	15	0.7199	300000	gain
HeDe_WGS	chr6	19340000	19640000	16	-0.2721	300000	neutral
HeDe_WGS	chr6	19660000	22740000	154	0.4922	3080000	gain
HeDe_WGS	chr6	22760000	25300000	128	-0.7405	2540000	loss
HeDe_WGS	chr6	25320000	25540000	12	-0.1383	220000	neutral
HeDe_WGS	chr6	25560000	27000000	72	0.4412	1440000	gain
HeDe_WGS	chr6	27020000	27160000	8	-0.5069	140000	loss
HeDe_WGS	chr6	27180000	30740000	179	0.7053	3560000	gain
HeDe_WGS	chr6	30760000	32440000	85	0.3041	1680000	neutral
HeDe_WGS	chr6	32460000	34620000	109	0.2189	2160000	neutral
HeDe_WGS	chr6	34640000	35960000	62	-0.6559	1320000	loss
HeDe_WGS	chr6	36000000	36180000	9	-0.1998	180000	neutral
HeDe_WGS	chr6	36200000	37900000	86	0.4229	1700000	gain
HeDe_WGS	chr6	37920000	39480000	77	-0.2511	1560000	neutral
HeDe_WGS	chr6	39500000	39840000	17	0.4173	340000	gain
HeDe_WGS	chr6	39860000	40640000	40	-0.4772	780000	loss
HeDe_WGS	chr6	40660000	42200000	78	0.6515	1540000	gain
HeDe_WGS	chr6	42220000	42760000	27	-0.2518	540000	neutral
HeDe_WGS	chr6	42780000	43560000	40	-0.757	780000	loss
HeDe_WGS	chr6	43580000	44200000	31	-0.3119	620000	neutral
HeDe_WGS	chr6	44220000	50800000	329	0.5605	6580000	gain
HeDe_WGS	chr6	50820000	52980000	107	0.9685	2160000	gain
HeDe_WGS	chr6	53000000	54660000	83	0.3499	1660000	neutral
HeDe_WGS	chr6	54680000	54920000	13	-0.362	240000	neutral
HeDe_WGS	chr6	54940000	55760000	42	0.5901	820000	gain
HeDe_WGS	chr6	55780000	55860000	5	-0.5449	80000	loss
HeDe_WGS	chr6	55880000	56480000	31	-1.2174	600000	loss
HeDe_WGS	chr6	56500000	57420000	46	-0.6432	920000	loss
HeDe_WGS	chr6	57440000	58660000	61	0.3413	1220000	neutral
HeDe_WGS	chr6	58680000	58760000	5	-0.585	80000	loss
HeDe_WGS	chr6	58780000	58900000	7	-1.366	120000	loss
HeDe_WGS	chr6	58920000	59000000	5	-0.3605	80000	neutral
HeDe_WGS	chr6	59020000	59840000	42	-1.3591	820000	loss
HeDe_WGS	chr6	59860000	62840000	146	-0.5307	2980000	loss
HeDe_WGS	chr6	62860000	63620000	39	0.5319	760000	gain
HeDe_WGS	chr6	63640000	64720000	53	0.0521	1080000	neutral
HeDe_WGS	chr6	64760000	66800000	102	-0.7321	2040000	loss
HeDe_WGS	chr6	66820000	67860000	50	-0.0875	1040000	neutral
HeDe_WGS	chr6	67880000	73360000	264	-0.7726	5480000	loss
HeDe_WGS	chr6	73380000	73820000	23	-0.1213	440000	neutral
HeDe_WGS	chr6	73840000	74060000	12	-0.9934	220000	loss
HeDe_WGS	chr6	74080000	76440000	116	0.3596	2360000	neutral
HeDe_WGS	chr6	76460000	77800000	65	0.9508	1340000	gain
HeDe_WGS	chr6	77820000	78680000	44	0.4592	860000	gain
HeDe_WGS	chr6	78700000	79460000	39	-0.274	760000	neutral
HeDe_WGS	chr6	79480000	80260000	39	0.3114	780000	neutral
HeDe_WGS	chr6	80280000	83360000	154	-0.3177	3080000	neutral
HeDe_WGS	chr6	83380000	88640000	262	-0.7262	5260000	loss
HeDe_WGS	chr6	88660000	89420000	37	-0.2719	760000	neutral
HeDe_WGS	chr6	89440000	91840000	119	-0.707	2400000	loss
HeDe_WGS	chr6	91860000	92060000	11	-1.722	200000	loss
HeDe_WGS	chr6	92080000	92300000	12	-0.6622	220000	loss
HeDe_WGS	chr6	92320000	92920000	30	-0.3796	600000	neutral
HeDe_WGS	chr6	92940000	93260000	17	-0.0145	320000	neutral
HeDe_WGS	chr6	93280000	96320000	153	0.5375	3040000	gain
HeDe_WGS	chr6	96340000	97720000	70	0.155	1380000	neutral
HeDe_WGS	chr6	97740000	98760000	52	0.7138	1020000	gain
HeDe_WGS	chr6	98780000	99660000	45	-0.222	880000	neutral
HeDe_WGS	chr6	99680000	101620000	98	0.6251	1940000	gain
HeDe_WGS	chr6	101640000	101840000	11	-0.3781	200000	neutral
HeDe_WGS	chr6	101860000	102620000	39	0.5839	760000	gain
HeDe_WGS	chr6	102640000	103300000	33	-0.6448	660000	loss
HeDe_WGS	chr6	103320000	106740000	155	0.5598	3420000	gain
HeDe_WGS	chr6	106760000	106960000	11	-0.5507	200000	loss
HeDe_WGS	chr6	106980000	113620000	331	0.5441	6640000	gain
HeDe_WGS	chr6	113660000	115540000	92	-0.2961	1880000	neutral
HeDe_WGS	chr6	115560000	116760000	61	0.2688	1200000	neutral
HeDe_WGS	chr6	116780000	119460000	130	-0.5981	2680000	loss
HeDe_WGS	chr6	119480000	119920000	22	-5.4436	440000	loss
HeDe_WGS	chr6	119960000	122840000	143	-0.5896	2880000	loss
HeDe_WGS	chr6	122860000	126120000	163	0.4876	3260000	gain
HeDe_WGS	chr6	126140000	126620000	25	-0.905	480000	loss
HeDe_WGS	chr6	126640000	128460000	91	0.4352	1820000	gain
HeDe_WGS	chr6	128480000	129000000	27	1.1458	520000	gain
HeDe_WGS	chr6	129020000	131000000	100	0.2752	1980000	neutral
HeDe_WGS	chr6	131020000	132300000	65	0.7695	1280000	gain
HeDe_WGS	chr6	132320000	132500000	10	0.1806	180000	neutral
HeDe_WGS	chr6	132520000	132760000	13	-0.273	240000	neutral
HeDe_WGS	chr6	132780000	132840000	4	0.8256	60000	gain
HeDe_WGS	chr6	132860000	133200000	18	-0.5002	340000	loss
HeDe_WGS	chr6	133220000	133320000	6	1.2158	100000	gain
HeDe_WGS	chr6	133340000	133640000	16	-0.0072	300000	neutral
HeDe_WGS	chr6	133660000	134180000	27	-0.6353	520000	loss
HeDe_WGS	chr6	134200000	136940000	132	0.0571	2740000	neutral
HeDe_WGS	chr6	136960000	138740000	90	-0.4475	1780000	loss
HeDe_WGS	chr6	138760000	138860000	6	-1.8319	100000	loss
HeDe_WGS	chr6	138880000	139740000	44	-0.5065	860000	loss
HeDe_WGS	chr6	139760000	139860000	6	-2.9293	100000	loss
HeDe_WGS	chr6	139880000	143060000	150	-0.7843	3180000	loss
HeDe_WGS	chr6	143080000	145900000	142	0.5945	2820000	gain
HeDe_WGS	chr6	145920000	147120000	60	-0.5711	1200000	loss
HeDe_WGS	chr7	0	400000	21	-2.2105	400000	loss
HeDe_WGS	chr7	440000	760000	17	-0.5992	320000	loss
HeDe_WGS	chr7	780000	2000000	62	0.222	1220000	neutral
HeDe_WGS	chr7	2020000	3220000	61	-0.8339	1200000	loss
HeDe_WGS	chr7	3240000	5560000	34	-1.5677	2320000	loss
HeDe_WGS	chr7	5620000	7660000	101	-0.9119	2040000	loss
HeDe_WGS	chr7	7680000	8740000	54	-0.0124	1060000	neutral
HeDe_WGS	chr7	8760000	10820000	104	-0.987	2060000	loss
HeDe_WGS	chr7	10840000	11440000	30	-0.5133	600000	loss
HeDe_WGS	chr7	11460000	12500000	53	0.0295	1040000	neutral
HeDe_WGS	chr7	12520000	12640000	7	1.0702	120000	gain
HeDe_WGS	chr7	12660000	12960000	16	0.1854	300000	neutral
HeDe_WGS	chr7	12980000	14920000	98	-0.8839	1940000	loss
HeDe_WGS	chr7	14940000	15320000	20	0.2436	380000	neutral
HeDe_WGS	chr7	15340000	15820000	25	-0.9725	480000	loss
HeDe_WGS	chr7	15840000	16000000	9	0.838	160000	gain
HeDe_WGS	chr7	16020000	16400000	20	-0.6949	380000	loss
HeDe_WGS	chr7	16420000	17520000	53	0.3917	1100000	neutral
HeDe_WGS	chr7	17540000	18160000	32	-0.6125	620000	loss
HeDe_WGS	chr7	18180000	18340000	9	-2.2354	160000	loss
HeDe_WGS	chr7	18460000	18580000	7	-0.5893	120000	loss
HeDe_WGS	chr7	18600000	18860000	14	0.8364	260000	gain
HeDe_WGS	chr7	18880000	18940000	4	-0.9929	60000	loss
HeDe_WGS	chr7	18960000	19060000	6	0.2219	100000	neutral
HeDe_WGS	chr7	19080000	19200000	7	1.4337	120000	gain
HeDe_WGS	chr7	19220000	25980000	338	0.4479	6760000	gain
HeDe_WGS	chr7	26000000	26800000	41	-0.1778	800000	neutral
HeDe_WGS	chr7	26820000	29580000	137	0.507	2760000	gain
HeDe_WGS	chr7	29600000	29740000	8	-0.6189	140000	loss
HeDe_WGS	chr7	29760000	33340000	180	0.4623	3580000	gain
HeDe_WGS	chr7	33360000	35520000	107	-0.3744	2160000	neutral
HeDe_WGS	chr7	35540000	36920000	69	0.3603	1380000	neutral
HeDe_WGS	chr7	36940000	37260000	17	-0.7373	320000	loss
HeDe_WGS	chr7	37280000	37420000	8	0.2326	140000	neutral
HeDe_WGS	chr7	37440000	42260000	242	-0.6937	4820000	loss
HeDe_WGS	chr7	42280000	43060000	40	-0.0761	780000	neutral
HeDe_WGS	chr7	43080000	44460000	68	-0.6027	1380000	loss
HeDe_WGS	chr7	44480000	45400000	46	-0.1204	920000	neutral
HeDe_WGS	chr7	45420000	45840000	22	0.7032	420000	gain
HeDe_WGS	chr7	45860000	48020000	107	-0.2925	2160000	neutral
HeDe_WGS	chr7	48040000	49500000	74	0.5118	1460000	gain
HeDe_WGS	chr7	49520000	50300000	39	-0.3828	780000	neutral
HeDe_WGS	chr7	50320000	51700000	70	-0.7858	1380000	loss
HeDe_WGS	chr7	51720000	52540000	41	-0.3515	820000	neutral
HeDe_WGS	chr7	52560000	59480000	343	0.5468	6920000	gain
HeDe_WGS	chr7	59500000	60020000	27	-0.0716	520000	neutral
HeDe_WGS	chr7	60040000	60660000	32	0.6692	620000	gain
HeDe_WGS	chr7	60680000	60800000	6	-0.5439	120000	loss
HeDe_WGS	chr7	60820000	61260000	23	0.1508	440000	neutral
HeDe_WGS	chr7	61280000	62940000	83	-0.5357	1660000	loss
HeDe_WGS	chr7	62960000	65800000	143	0.3114	2840000	neutral
HeDe_WGS	chr7	65820000	67260000	73	-0.4406	1440000	loss
HeDe_WGS	chr7	67280000	68020000	38	0.4707	740000	gain
HeDe_WGS	chr7	68040000	68940000	45	-0.2232	900000	neutral
HeDe_WGS	chr7	68960000	72020000	154	0.5265	3060000	gain
HeDe_WGS	chr7	72040000	72480000	22	-0.4639	440000	loss
HeDe_WGS	chr7	72520000	73280000	39	0.4385	760000	gain
HeDe_WGS	chr7	73300000	74400000	56	-0.3817	1100000	neutral
HeDe_WGS	chr7	74420000	74940000	27	0.1654	520000	neutral
HeDe_WGS	chr7	74960000	78060000	153	-0.459	3100000	loss
HeDe_WGS	chr7	78080000	84040000	294	-0.7947	5960000	loss
HeDe_WGS	chr7	84080000	84420000	16	-0.3826	340000	neutral
HeDe_WGS	chr7	84440000	86240000	87	-0.0611	1800000	neutral
HeDe_WGS	chr7	86260000	86520000	13	1.3416	260000	gain
HeDe_WGS	chr7	86540000	88260000	85	-0.186	1720000	neutral
HeDe_WGS	chr7	88280000	89160000	45	0.5301	880000	gain
HeDe_WGS	chr7	89180000	89480000	16	-0.0208	300000	neutral
HeDe_WGS	chr7	89500000	90880000	70	-0.5383	1380000	loss
HeDe_WGS	chr7	90900000	93340000	123	0.9332	2440000	gain
HeDe_WGS	chr7	93360000	95560000	109	-0.1482	2200000	neutral
HeDe_WGS	chr7	95580000	95820000	13	1.3189	240000	gain
HeDe_WGS	chr7	95840000	97300000	74	-0.4107	1460000	loss
HeDe_WGS	chr7	97320000	98300000	49	0.7525	980000	gain
HeDe_WGS	chr7	98320000	99500000	59	-0.4667	1180000	loss
HeDe_WGS	chr7	99520000	99920000	19	0.7774	400000	gain
HeDe_WGS	chr7	99940000	100280000	18	-0.0704	340000	neutral
HeDe_WGS	chr7	100300000	100780000	25	1.6202	480000	gain
HeDe_WGS	chr7	100800000	101720000	46	0.0499	920000	neutral
HeDe_WGS	chr7	101740000	101880000	8	1.6093	140000	gain
HeDe_WGS	chr7	101900000	102200000	15	0.5335	300000	gain
HeDe_WGS	chr7	102220000	102660000	23	-0.3068	440000	neutral
HeDe_WGS	chr7	102680000	102920000	13	1.0998000000000001	240000	gain
HeDe_WGS	chr7	102940000	105260000	116	-0.5958	2320000	loss
HeDe_WGS	chr7	105280000	105600000	17	0.0105	320000	neutral
HeDe_WGS	chr7	105620000	107300000	81	0.8591	1680000	gain
HeDe_WGS	chr7	107320000	109560000	113	0.4054	2240000	gain
HeDe_WGS	chr7	109580000	110140000	29	-0.1729	560000	neutral
HeDe_WGS	chr7	110160000	110680000	27	0.4682	520000	gain
HeDe_WGS	chr7	110700000	111200000	26	1.2561	500000	gain
HeDe_WGS	chr7	111220000	111840000	32	0.3625	620000	neutral
HeDe_WGS	chr7	111860000	112940000	55	-0.0971	1080000	neutral
HeDe_WGS	chr7	112960000	113920000	49	0.2471	960000	neutral
HeDe_WGS	chr7	113940000	114960000	52	0.8544	1020000	gain
HeDe_WGS	chr7	114980000	116360000	70	0.2942	1380000	neutral
HeDe_WGS	chr7	116380000	116460000	5	1.4421	80000	gain
HeDe_WGS	chr7	116480000	119560000	155	0.2176	3080000	neutral
HeDe_WGS	chr7	119580000	121500000	97	0.9723	1920000	gain
HeDe_WGS	chr7	121520000	123460000	98	0.1643	1940000	neutral
HeDe_WGS	chr7	123480000	124740000	64	0.6555	1260000	gain
HeDe_WGS	chr7	124760000	125180000	22	0.074	420000	neutral
HeDe_WGS	chr7	125200000	130640000	273	0.6773	5440000	gain
HeDe_WGS	chr7	130660000	133540000	145	0.3091	2880000	neutral
HeDe_WGS	chr7	133560000	135600000	103	0.0724	2040000	neutral
HeDe_WGS	chr7	135620000	136680000	54	0.4976	1060000	gain
HeDe_WGS	chr7	136700000	137000000	16	-0.4716	300000	loss
HeDe_WGS	chr8	0	400000	21	-2.0888	400000	loss
HeDe_WGS	chr8	420000	7120000	336	-2.4378	6700000	loss
HeDe_WGS	chr8	7140000	7500000	19	-2.1607	360000	loss
HeDe_WGS	chr8	7520000	7720000	11	-1.9761	200000	loss
HeDe_WGS	chr8	7740000	7940000	11	-0.8897	200000	loss
HeDe_WGS	chr8	7980000	8360000	20	-2.142	380000	loss
HeDe_WGS	chr8	8380000	11040000	133	-1.0297	2660000	loss
HeDe_WGS	chr8	11060000	12100000	53	-0.712	1040000	loss
HeDe_WGS	chr8	12120000	12980000	43	-0.0699	860000	neutral
HeDe_WGS	chr8	13000000	13500000	26	0.6007	500000	gain
HeDe_WGS	chr8	13520000	14360000	43	-0.3986	840000	neutral
HeDe_WGS	chr8	14380000	14700000	17	0.7997	320000	gain
HeDe_WGS	chr8	14720000	15860000	56	-0.2191	1140000	neutral
HeDe_WGS	chr8	15880000	18380000	125	-0.747	2500000	loss
HeDe_WGS	chr8	18400000	21360000	149	0.5094	2960000	gain
HeDe_WGS	chr8	21380000	27220000	289	-0.7764	5840000	loss
HeDe_WGS	chr8	27240000	29720000	125	0.1649	2480000	neutral
HeDe_WGS	chr8	29740000	30240000	26	1.0065	500000	gain
HeDe_WGS	chr8	30260000	31540000	65	-0.0109	1280000	neutral
HeDe_WGS	chr8	31560000	32320000	38	0.6099	760000	gain
HeDe_WGS	chr8	32340000	32900000	28	-0.5366	560000	loss
HeDe_WGS	chr8	32920000	35760000	139	0.5095	2840000	gain
HeDe_WGS	chr8	35780000	36360000	30	-0.4419	580000	loss
HeDe_WGS	chr8	36380000	39580000	159	0.5796	3200000	gain
HeDe_WGS	chr8	39600000	40860000	62	-0.215	1260000	neutral
HeDe_WGS	chr8	40880000	41000000	7	0.2935	120000	neutral
HeDe_WGS	chr8	41020000	41580000	28	1.1173	560000	gain
HeDe_WGS	chr8	41600000	41820000	12	0.6234	220000	gain
HeDe_WGS	chr8	41840000	42020000	10	-0.2372	180000	neutral
HeDe_WGS	chr8	42040000	42160000	7	0.6526	120000	gain
HeDe_WGS	chr8	42180000	44620000	121	-0.5792	2440000	loss
HeDe_WGS	chr8	44640000	44720000	5	0.2311	80000	neutral
HeDe_WGS	chr8	44740000	45140000	21	0.8144	400000	gain
HeDe_WGS	chr8	45160000	45560000	21	0.1285	400000	neutral
HeDe_WGS	chr8	45580000	46260000	35	-0.6114	680000	loss
HeDe_WGS	chr8	46280000	47240000	48	0.4859	960000	gain
HeDe_WGS	chr8	47260000	49420000	105	-0.6194	2160000	loss
HeDe_WGS	chr8	49440000	51560000	107	0.7449	2120000	gain
HeDe_WGS	chr8	51580000	55700000	207	0.424	4120000	gain
HeDe_WGS	chr8	55720000	58780000	153	0.7343	3060000	gain
HeDe_WGS	chr8	58800000	58960000	9	1.6401	160000	gain
HeDe_WGS	chr8	58980000	59060000	5	-0.0457	80000	neutral
HeDe_WGS	chr8	59080000	60140000	54	0.8395	1060000	gain
HeDe_WGS	chr8	60160000	64900000	237	0.3963	4740000	neutral
HeDe_WGS	chr8	64920000	65220000	16	-0.4828	300000	loss
HeDe_WGS	chr8	65240000	69020000	190	0.3271	3780000	neutral
HeDe_WGS	chr8	69040000	69220000	10	-0.5964	180000	loss
HeDe_WGS	chr8	69240000	69340000	6	0.0101	100000	neutral
HeDe_WGS	chr8	69360000	69840000	25	0.8844	480000	gain
HeDe_WGS	chr8	69860000	75780000	296	0.4933	5920000	gain
HeDe_WGS	chr8	75800000	75900000	5	-0.6394	100000	loss
HeDe_WGS	chr8	75920000	76040000	7	0.3208	120000	neutral
HeDe_WGS	chr8	76060000	80000000	197	0.7453	3940000	gain
HeDe_WGS	chr8	80020000	80380000	18	-0.413	360000	loss
HeDe_WGS	chr8	80400000	81380000	50	0.741	980000	gain
HeDe_WGS	chr8	81400000	81660000	14	-0.8052	260000	loss
HeDe_WGS	chr8	81680000	85540000	194	0.4075	3860000	gain
HeDe_WGS	chr8	85560000	87040000	73	-0.2408	1480000	neutral
HeDe_WGS	chr8	87060000	88520000	74	0.6463	1460000	gain
HeDe_WGS	chr8	88540000	89400000	44	-0.3769	860000	neutral
HeDe_WGS	chr8	89420000	90300000	45	0.3293	880000	neutral
HeDe_WGS	chr8	90320000	92780000	119	-0.4345	2460000	loss
HeDe_WGS	chr8	92800000	94120000	67	0.4914	1320000	gain
HeDe_WGS	chr8	94140000	95460000	63	-0.3538	1320000	neutral
HeDe_WGS	chr8	95480000	99800000	216	0.2503	4320000	neutral
HeDe_WGS	chr8	99820000	103720000	195	-0.3813	3900000	neutral
HeDe_WGS	chr8	103740000	109880000	307	0.5599	6140000	gain
HeDe_WGS	chr8	109900000	110700000	40	-0.2801	800000	neutral
HeDe_WGS	chr8	110720000	115640000	246	0.7226	4920000	gain
HeDe_WGS	chr8	115660000	116000000	18	-0.141	340000	neutral
HeDe_WGS	chr8	116020000	116480000	23	0.4274	460000	gain
HeDe_WGS	chr8	116500000	117680000	60	-0.1454	1180000	neutral
HeDe_WGS	chr8	117700000	118340000	33	0.4891	640000	gain
HeDe_WGS	chr8	118360000	118640000	15	-0.3572	280000	neutral
HeDe_WGS	chr8	118660000	119460000	41	0.5578	800000	gain
HeDe_WGS	chr8	119480000	119760000	15	-0.2123	280000	neutral
HeDe_WGS	chr8	119780000	121280000	76	0.5534	1500000	gain
HeDe_WGS	chr8	121300000	121580000	15	-0.2865	280000	neutral
HeDe_WGS	chr8	121600000	126400000	241	0.4913	4800000	gain
HeDe_WGS	chr8	126420000	130780000	219	0.1208	4360000	neutral
HeDe_WGS	chr8	130800000	132360000	79	0.7954	1560000	gain
HeDe_WGS	chr8	132380000	132780000	21	-0.5025	400000	loss
HeDe_WGS	chr9	0	480000	25	-0.82	480000	loss
HeDe_WGS	chr9	500000	2300000	91	-0.0473	1800000	neutral
HeDe_WGS	chr9	2320000	2680000	19	-0.8268	360000	loss
HeDe_WGS	chr9	2700000	3360000	34	-0.089	660000	neutral
HeDe_WGS	chr9	3380000	3720000	18	0.6806	340000	gain
HeDe_WGS	chr9	3740000	3960000	12	-0.2237	220000	neutral
HeDe_WGS	chr9	3980000	4300000	17	-0.8115	320000	loss
HeDe_WGS	chr9	4320000	5340000	51	0.2194	1020000	neutral
HeDe_WGS	chr9	5360000	6720000	68	-0.3258	1360000	neutral
HeDe_WGS	chr9	6740000	6960000	12	0.7205	220000	gain
HeDe_WGS	chr9	6980000	7320000	18	-0.8273	340000	loss
HeDe_WGS	chr9	7340000	7360000	2	1.1915	20000	gain
HeDe_WGS	chr9	7380000	8280000	46	-0.673	900000	loss
HeDe_WGS	chr9	8300000	9900000	81	-0.9576	1600000	loss
HeDe_WGS	chr9	9920000	15420000	271	-0.6543	5500000	loss
HeDe_WGS	chr9	15440000	15820000	20	-2.2192	380000	loss
HeDe_WGS	chr9	15840000	18160000	117	-0.6093	2320000	loss
HeDe_WGS	chr9	18180000	19060000	45	0.2367	880000	neutral
HeDe_WGS	chr9	19080000	19260000	10	1.0447	180000	gain
HeDe_WGS	chr9	19280000	20360000	55	0.4286	1080000	gain
HeDe_WGS	chr9	20380000	21720000	68	-7e-4	1340000	neutral
HeDe_WGS	chr9	21740000	22040000	16	-0.6543	300000	loss
HeDe_WGS	chr9	22060000	22980000	47	-0.0116	920000	neutral
HeDe_WGS	chr9	23000000	25320000	117	0.7367	2320000	gain
HeDe_WGS	chr9	25340000	26100000	38	0.2008	760000	neutral
HeDe_WGS	chr9	26120000	29580000	171	-0.6463	3460000	loss
HeDe_WGS	chr9	29600000	30400000	41	-0.0686	800000	neutral
HeDe_WGS	chr9	30420000	31200000	40	0.5715	780000	gain
HeDe_WGS	chr9	31220000	35500000	212	0.0791	4280000	neutral
HeDe_WGS	chr9	35520000	40400000	240	-0.7184	4880000	loss
HeDe_WGS	chr9	40420000	40740000	17	0.3265	320000	neutral
HeDe_WGS	chr9	40760000	41960000	58	-0.6913	1200000	loss
HeDe_WGS	chr9	41980000	42920000	48	-0.1217	940000	neutral
HeDe_WGS	chr9	42940000	43060000	7	-0.7574	120000	loss
HeDe_WGS	chr9	43080000	46200000	157	0.5395	3120000	gain
HeDe_WGS	chr9	46220000	46500000	15	-0.0929	280000	neutral
HeDe_WGS	chr9	46520000	51140000	232	0.6827	4620000	gain
HeDe_WGS	chr9	51160000	51940000	40	-0.2193	780000	neutral
HeDe_WGS	chr9	51960000	52880000	47	0.4228	920000	gain
HeDe_WGS	chr9	52900000	53140000	13	1.2828	240000	gain
HeDe_WGS	chr9	53160000	53460000	16	0.5847	300000	gain
HeDe_WGS	chr9	53480000	53860000	20	-0.2315	380000	neutral
HeDe_WGS	chr9	53880000	55300000	71	-0.6865	1420000	loss
HeDe_WGS	chr9	55320000	56680000	68	-0.0408	1360000	neutral
HeDe_WGS	chr9	56700000	57740000	52	0.487	1040000	gain
HeDe_WGS	chr9	57760000	58180000	21	-0.251	420000	neutral
HeDe_WGS	chr9	58200000	62300000	204	-0.7739	4100000	loss
HeDe_WGS	chr9	62320000	62760000	23	-0.1651	440000	neutral
HeDe_WGS	chr9	62780000	64220000	73	0.4294	1440000	gain
HeDe_WGS	chr9	64240000	64380000	8	-0.8335	140000	loss
HeDe_WGS	chr9	64400000	64940000	28	0.5038	540000	gain
HeDe_WGS	chr9	64960000	65720000	39	-0.3438	760000	neutral
HeDe_WGS	chr9	65740000	69040000	166	0.5697	3300000	gain
HeDe_WGS	chr9	69060000	69500000	23	-0.2241	440000	neutral
HeDe_WGS	chr9	69520000	73880000	214	0.4792	4360000	gain
HeDe_WGS	chr9	73900000	74240000	18	-0.0157	340000	neutral
HeDe_WGS	chr9	74260000	75160000	46	-0.5962	900000	loss
HeDe_WGS	chr9	75180000	76140000	48	0.1944	960000	neutral
HeDe_WGS	chr9	76180000	78380000	107	-0.4412	2200000	loss
HeDe_WGS	chr9	78400000	78820000	22	0.3182	420000	neutral
HeDe_WGS	chr9	78840000	80160000	65	-0.4588	1320000	loss
HeDe_WGS	chr9	80180000	80620000	22	0.2733	440000	neutral
HeDe_WGS	chr9	80640000	82880000	113	0.6874	2240000	gain
HeDe_WGS	chr9	82900000	84280000	70	0.2312	1380000	neutral
HeDe_WGS	chr9	84300000	84480000	10	-0.6688	180000	loss
HeDe_WGS	chr9	84500000	85060000	29	0.9982	560000	gain
HeDe_WGS	chr9	85080000	89440000	216	0.3733	4360000	neutral
HeDe_WGS	chr9	89460000	90720000	62	-0.2866	1260000	neutral
HeDe_WGS	chr9	90740000	92060000	67	0.6379	1320000	gain
HeDe_WGS	chr9	92080000	92720000	32	-0.2809	640000	neutral
HeDe_WGS	chr9	92740000	94820000	103	0.5911	2080000	gain
HeDe_WGS	chr9	94840000	95320000	25	-0.0806	480000	neutral
HeDe_WGS	chr9	95340000	95640000	16	0.4917	300000	gain
HeDe_WGS	chr9	95660000	97080000	72	0.9698	1420000	gain
HeDe_WGS	chr9	97100000	97460000	19	0.628	360000	gain
HeDe_WGS	chr9	97480000	98000000	27	0.1567	520000	neutral
HeDe_WGS	chr9	98020000	98300000	15	0.5282	280000	gain
HeDe_WGS	chr9	98320000	98920000	31	0.9819	600000	gain
HeDe_WGS	chr9	98940000	100820000	95	0.5071	1880000	gain
HeDe_WGS	chr9	100840000	101260000	22	-0.2447	420000	neutral
HeDe_WGS	chr9	101280000	101940000	34	0.518	660000	gain
HeDe_WGS	chr9	101960000	104960000	150	-0.3736	3000000	neutral
HeDe_WGS	chr9	105000000	105140000	8	-1.357	140000	loss
HeDe_WGS	chr9	105160000	105400000	13	-0.4131	240000	loss
HeDe_WGS	chr9	105420000	106320000	46	0.4088	900000	gain
HeDe_WGS	chr9	106340000	109420000	153	-0.4509	3080000	loss
HeDe_WGS	chr9	109440000	116920000	375	0.5063	7480000	gain
HeDe_WGS	chr9	116940000	117820000	45	-0.0315	880000	neutral
HeDe_WGS	chr9	117840000	118920000	55	0.4369	1080000	gain
HeDe_WGS	chr9	118940000	120720000	90	-0.66	1780000	loss
HeDe_WGS	chr9	120740000	121760000	52	0.3532	1020000	neutral
HeDe_WGS	chrX	0	1940000	63	-1.6184	1940000	loss
HeDe_WGS	chrX	2120000	3520000	47	-0.1464	1400000	neutral
HeDe_WGS	chrX	3540000	4220000	35	0.6549	680000	gain
HeDe_WGS	chrX	4240000	4400000	9	-0.3107	160000	neutral
HeDe_WGS	chrX	4440000	4700000	14	-0.797	260000	loss
HeDe_WGS	chrX	4720000	6100000	62	-0.2337	1380000	neutral
HeDe_WGS	chrX	6120000	9340000	141	-0.0474	3220000	neutral
HeDe_WGS	chrX	9360000	11560000	105	-0.3619	2200000	neutral
HeDe_WGS	chrX	11620000	12880000	51	1.0832	1260000	gain
HeDe_WGS	chrX	12900000	13260000	19	2.002	360000	gain
HeDe_WGS	chrX	13280000	13440000	9	0.5359	160000	gain
HeDe_WGS	chrX	13460000	14160000	33	1.8877	700000	gain
HeDe_WGS	chrX	14240000	15700000	56	0.4627	1460000	gain
HeDe_WGS	chrX	15740000	15860000	6	2.8317	120000	gain
HeDe_WGS	chrX	15880000	16860000	38	0.2692	980000	neutral
HeDe_WGS	chrX	16880000	18000000	55	1.2336	1120000	gain
HeDe_WGS	chrX	18020000	19380000	59	0.267	1360000	neutral
HeDe_WGS	chrX	19400000	19640000	13	-0.6848	240000	loss
HeDe_WGS	chrX	19660000	19920000	13	0.138	260000	neutral
HeDe_WGS	chrX	19940000	19980000	3	1.7066	40000	gain
HeDe_WGS	chrX	20000000	20360000	19	2.5496	360000	gain
HeDe_WGS	chrX	20380000	20760000	20	1.5731	380000	gain
HeDe_WGS	chrX	20780000	21240000	22	-0.2422	460000	neutral
HeDe_WGS	chrX	21260000	21700000	17	0.2306	440000	neutral
HeDe_WGS	chrX	21720000	21760000	3	1.412	40000	gain
HeDe_WGS	chrX	21780000	22740000	49	-0.3999	960000	neutral
HeDe_WGS	chrX	22760000	24940000	98	0.409	2180000	gain
HeDe_WGS	chrX	24960000	29980000	220	-0.1676	5020000	neutral
HeDe_WGS	chrX	30000000	31920000	81	0.4605	1920000	gain
HeDe_WGS	chrX	31940000	33560000	76	-0.1533	1620000	neutral
HeDe_WGS	chrX	33580000	34380000	36	0.6784	800000	gain
HeDe_WGS	chrX	34400000	35240000	40	-0.0198	840000	neutral
HeDe_WGS	chrX	35260000	36980000	71	0.5396	1720000	gain
HeDe_WGS	chrX	37000000	37080000	5	-0.2961	80000	neutral
HeDe_WGS	chrX	37100000	37280000	10	-1.0459	180000	loss
HeDe_WGS	chrX	37300000	38660000	59	0.4189	1360000	gain
HeDe_WGS	chrX	38680000	39000000	13	1.3685	320000	gain
HeDe_WGS	chrX	39020000	39340000	15	0.53	320000	gain
HeDe_WGS	chrX	39420000	44100000	215	-0.1835	4680000	neutral
HeDe_WGS	chrX	44120000	44240000	7	1.4114	120000	gain
HeDe_WGS	chrX	44260000	61980000	773	-0.1388	17720000	neutral
HeDe_WGS	chrX	62000000	65060000	135	0.4207	3060000	gain
HeDe_WGS	chrX	65080000	68100000	123	-0.1853	3020000	neutral
HeDe_WGS	chrX	68120000	68860000	38	1.2918	740000	gain
HeDe_WGS	chrX	68880000	69480000	26	0.1555	600000	neutral
HeDe_WGS	chrX	69500000	69940000	18	0.9204	440000	gain
HeDe_WGS	chrX	69980000	70280000	15	0.1082	300000	neutral
HeDe_WGS	chrX	70300000	71660000	63	1.4773	1360000	gain
HeDe_WGS	chrX	71680000	73200000	73	0.7798	1520000	gain
HeDe_WGS	chrX	73220000	74760000	68	0.1122	1540000	neutral
HeDe_WGS	chrX	74780000	75340000	24	1.2334	560000	gain
HeDe_WGS	chrX	75360000	77380000	83	0.075	2020000	neutral
HeDe_WGS	chrX	77400000	101000000	1040	-0.264	23600000	neutral
HeDe_WGS	chrX	101020000	102900000	86	0.6738	1880000	gain
HeDe_WGS	chrX	102920000	103240000	17	-0.3827	320000	neutral
HeDe_WGS	chrX	103260000	105320000	98	0.5273	2060000	gain
HeDe_WGS	chrX	105340000	105660000	17	-0.5458	320000	loss
HeDe_WGS	chrX	105680000	106460000	30	0.104	780000	neutral
HeDe_WGS	chrX	106520000	107440000	42	-0.3426	920000	neutral
HeDe_WGS	chrX	107460000	108700000	52	0.3265	1240000	neutral
HeDe_WGS	chrX	108720000	109020000	16	1.3764	300000	gain
HeDe_WGS	chrX	109060000	110840000	73	-0.0038	1780000	neutral
HeDe_WGS	chrX	110860000	111500000	27	1.1417	640000	gain
HeDe_WGS	chrX	111520000	112940000	46	0.182	1420000	neutral
HeDe_WGS	chrX	112960000	115980000	131	-0.203	3020000	neutral
HeDe_WGS	chrX	116020000	116820000	37	0.3885	800000	neutral
HeDe_WGS	chrX	116840000	119960000	133	-0.2551	3120000	neutral
HeDe_WGS	chrX	119980000	122260000	94	0.9822	2280000	gain
HeDe_WGS	chrX	122280000	125600000	134	-0.2762	3320000	neutral
HeDe_WGS	chrX	125620000	126300000	25	0.5636	680000	gain
HeDe_WGS	chrX	126320000	131800000	221	-0.2443	5480000	neutral
HeDe_WGS	chrX	131820000	132020000	6	0.2338	200000	neutral
HeDe_WGS	chrX	132040000	132520000	24	1.485	480000	gain
HeDe_WGS	chrX	132560000	132780000	10	0.4794	220000	gain
HeDe_WGS	chrX	132800000	135860000	133	-0.0622	3060000	neutral
HeDe_WGS	chrX	135940000	140300000	176	0.6184	4360000	gain
HeDe_WGS	chrX	140340000	154120000	588	-0.2005	13780000	neutral
HeDe_WGS	chrX	154140000	155020000	39	0.9747	880000	gain
HeDe_WGS	chrX	155040000	155720000	33	0.2751	680000	neutral
HeDe_WGS	chrX	155760000	157700000	93	1.5255	1940000	gain
HeDe_WGS	chrX	157720000	157740000	2	-0.0086	20000	neutral
HeDe_WGS	chrY	0	80000	5	-7.1573	80000	loss
HeDe_WGS	chrY	100000	400000	15	-3.626	300000	loss
HeDe_WGS	chrY	420000	540000	7	-7.761	120000	loss
HeDe_WGS	chrY	560000	23900000	830	-4.5225	23340000	loss
HeDe_WGS	chrY	23920000	29060000	199	-2.0878	5140000	loss
HeDe_WGS	chrY	29080000	29320000	13	-6.2073	240000	loss
HeDe_WGS	chrY	29340000	29480000	8	-3.1193	140000	loss
HeDe_WGS	chrY	29500000	31980000	104	-2.3707	2480000	loss
HeDe_WGS	chrY	32000000	32060000	4	-5.2349	60000	loss
HeDe_WGS	chrY	32080000	32180000	6	-1.7777	100000	loss
HeDe_WGS	chrY	32200000	35500000	146	-4.2745	3300000	loss
HeDe_WGS	chrY	35540000	36180000	25	-2.2939	640000	loss
HeDe_WGS	chrY	36200000	38540000	93	-4.1986	2340000	loss
HeDe_WGS	chrY	38560000	40260000	75	-2.251	1700000	loss
HeDe_WGS	chrY	40300000	41360000	50	-3.8106	1060000	loss
HeDe_WGS	chrY	41380000	41780000	18	-5.6108	400000	loss
HeDe_WGS	chrY	41800000	42000000	10	-2.8362	200000	loss
HeDe_WGS	chrY	42020000	42940000	44	-5.267	920000	loss
HeDe_WGS	chrY	42960000	44640000	70	-3.3031	1680000	loss
HeDe_WGS	chrY	44660000	45320000	33	-6.4602	660000	loss
HeDe_WGS	chrY	45340000	45400000	4	-2.0946	60000	loss
HeDe_WGS	chrY	45420000	45660000	13	-6.8169	240000	loss
HeDe_WGS	chrY	45680000	46740000	46	-4.2606	1060000	loss
HeDe_WGS	chrY	46760000	48500000	52	-3.3504	1740000	loss
HeDe_WGS	chrY	48520000	53780000	144	-4.5073	5260000	loss
HeDe_WGS	chrY	53800000	55540000	87	-5.6748	1740000	loss
HeDe_WGS	chrY	55560000	57680000	63	-3.7627	2120000	loss
HeDe_WGS	chrY	57700000	57960000	14	-0.5123	260000	loss
HeDe_WGS	chrY	57980000	58260000	15	-3.9571	280000	loss
HeDe_WGS	chrY	58280000	59820000	66	-1.5803	1540000	loss
