gene	chr	start.x	end.x	log2r	state	i.start	i.end	mean5mC	n_cpg	pstart	pend	meth_flag	cn_state	mechanism	human_symbol	usym	chrom	start.y	end.y	strand	role	is_hcc	n_ctypes	ctypes	n_cohorts
Abl1	chr3	35230000	41250000	-0.0107	neutral	35377587	35377587	0.171160690056212	121	35375587	35379587	typical	neutral	none	ABL1	ABL1	NC_086021.1	35377587	35480843	+	Act	TRUE	2	HC,UCEC	2
Alb	chr14	4210000	20630000	-0.1168	neutral	17907043	17907043	0.736714769410391	41	17905043	17909043	typical	neutral	none	ALB	ALB	NC_086032.1	17891564	17907043	-	Act	TRUE	1	HC	2
Alk	chr6	5810000	28810000	0.03	neutral	28631431	28631431	0.106426266760762	162	28629431	28633431	hypo	neutral	promoter_hypo_only	ALK	ALK	NC_086024.1	28631431	29351321	+	Act	TRUE	6	BRCA,HC,NB,NSCLC,PRAD,SCLC	10
Card11	chr12	14610000	21010000	-0.5066	loss	18735088	18735088	0.741937395459976	64	18733088	18737088	typical	loss	het_loss	CARD11	CARD11	NC_086030.1	18735088	18872045	+	Act	TRUE	6	BLY,COREAD,DLBCL,HC,LY,NHLY	9
Cltc	chr10	65010000	79790000	-0.1331	neutral	72073308	72073308	0.211865392273994	50	72071308	72075308	typical	neutral	none	CLTC	CLTC	NC_086028.1	72014984	72073308	-	Act	TRUE	3	BRCA,CH,HC	3
Ctnnb1	chr8	127850000	132781218	-0.2112	neutral	129517576	129517576	0.163453705996816	228	129515576	129519576	typical	neutral	none	CTNNB1	CTNNB1	NC_086026.1	129517576	129544661	+	Act	TRUE	14	ACC,COREAD,HBC,HC,LUAD,MBL,NSCLC,PIA,PRAD,RHBDS,SBCC,ST,UCEC,WT	37
Dhx9	chr13	53910000	71930000	0.5636	gain	68189580	68189580	0.236679056744649	134	68187580	68191580	typical	gain	amplification	DHX9	DHX9	NC_086031.1	68152813	68189580	-	Act	TRUE	1	HC	1
Gnas	chr3	175950000	184150000	-0.2792	neutral	183489648	183489648	0.924449812675616	193	183487648	183491648	hyper	neutral	promoter_hyper_only	GNAS	GNAS	NC_086021.1	183489648	183554570	+	Act	TRUE	9	ACC,BCNET,BRCA,CH,COREAD,ESCA,HC,MBL,PAAD	14
Hnrnpa2b1	chr4	78110000	99230000	-0.0658	neutral	81875886	81875886	0.0457908707074498	259	81873886	81877886	hypo	neutral	promoter_hypo_only	HNRNPA2B1	HNRNPA2B1	NC_086022.1	81867354	81875886	-	Act	TRUE	1	HC	1
Idh1	chr9	44770000	94510000	-0.0019	neutral	74057442	74057442	0.321633756805808	108	74055442	74059442	typical	neutral	none	IDH1	IDH1	NC_086027.1	74027887	74057442	-	Act	TRUE	13	AML,CH,CM,GBM,HC,HGG,LGG,MBL,MM,NSCLC,OS,PIA,PRAD	27
Il6st	chr2	43130000	53990000	-0.0071	neutral	45798872	45798872	0.130071304690579	129	45796872	45800872	typical	neutral	none	IL6ST	IL6ST	NC_086020.1	45798872	45839501	+	Act	TRUE	1	HC	1
Il7r	chr2	54090000	78870000	0.044	neutral	60204937	60204937	0.790756833176249	23	60202937	60206937	typical	neutral	none	IL7R	IL7R	NC_086020.1	60179561	60204937	-	Act	TRUE	3	ALL,ESCA,HC	3
Keap1	chr8	8390000	31990000	0.0283	neutral	28054042	28054042	0.242159235305308	146	28052042	28056042	typical	neutral	none	KEAP1	KEAP1	NC_086026.1	28044555	28054042	-	Act	TRUE	6	CH,HC,LUAD,LUSC,NSCLC,RCCC	10
Kras	chr4	168250000	184390000	-0.2145	neutral	179949613	179949613	0.153781563882384	236	179947613	179951613	typical	neutral	none	KRAS	KRAS	NC_086022.1	179916255	179949613	-	Act	TRUE	29	ALL,AML,AN,BC,BCNET,BLCA,BRCA,CESC,CH,CLL,CM,COREAD,DLBCL,ESCA,HC,LUAD,MGCT,MM,NSCLC,OV,PAAD,PAIS,PIA,PRAD,RPC,ST,THCA,UCEC,UCS	68
Mapk1	chr11	89910000	99150000	0.0619	neutral	97529193	97529193	0.205106670467503	117	97527193	97531193	typical	neutral	none	MAPK1	MAPK1	NC_086029.1	97462025	97529193	-	Act	TRUE	4	CESC,CLL,HC,HNSC	4
Mtor	chr5	163570000	164450000	-0.4202	loss	164167985	164167985	0.255350299170045	109	164165985	164169985	typical	loss	het_loss	MTOR	MTOR	NC_086023.1	164167985	164277438	+	Act	TRUE	11	AML,ANGS,BRCA,COREAD,HC,LGG,OS,PAIS,RCCC,RCH,UCEC	15
Ncor2	chr12	37070000	41730000	-0.4441	loss	37127736	37127736	0.13533418938081	228	37125736	37129736	typical	loss	het_loss	NCOR2	NCOR2	NC_086030.1	37127736	37289612	+	Act	TRUE	5	BRCA,COREAD,ESCA,HC,PRAD	7
Nfe2l2	chr3	41510000	106350000	0.1926	neutral	81031165	81031165	0.429379516884397	71	81029165	81033165	typical	neutral	none	NFE2L2	NFE2L2	NC_086021.1	81001529	81031165	-	Act	TRUE	8	BLCA,CESC,ESCA,HC,HNSC,LUSC,RPC,UCEC	15
Nras	chr2	193030000	193390000	-0.0751	neutral	193271399	193271399	0.236291046546101	76	193269399	193273399	typical	neutral	none	NRAS	NRAS	NC_086020.1	193271399	193282023	+	Act	TRUE	21	ALL,AML,ANGS,CH,CLL,CM,COREAD,GBM,HC,LGG,LUAD,LUSC,MGCT,MM,NSPH,OV,PAAD,PRAD,THCA,THYM,UCEC	37
Pik3ca	chr2	109490000	133750000	-0.018	neutral	117103643	117103643	0.0786958291288261	176	117101643	117105643	hypo	neutral	promoter_hypo_only	PIK3CA	PIK3CA	NC_086020.1	117103643	117177411	+	Act	TRUE	36	ACY,AN,ANGS,BLCA,BRCA,CESC,CH,CM,COREAD,EPD,ESCA,GBM,HC,HGG,HNSC,LEIS,LGG,LUAD,LUSC,MBL,MESO,MGCT,NSCLC,OS,OV,PAAD,PIA,PRAD,RCCC,RPC,S,SBCC,ST,UCEC,UCS,VV	87
Rpl22	chr5	164610000	172150000	-0.4379	loss	168114432	168114432	0.825889655172414	75	168112432	168116432	typical	loss	het_loss	RPL22	RPL22	NC_086023.1	168114432	168126114	+	Act	TRUE	1	HC	1
Setdb1	chr2	184570000	191510000	0.4516	gain	185619084	185619084	0.156539584150647	93	185617084	185621084	typical	gain	amplification	SETDB1	SETDB1	NC_086020.1	185587722	185619084	-	Act	TRUE	3	CLL,HC,MESO	3
Acvr2a	chr3	41510000	106350000	0.1926	neutral	53614143	53614143	0.10154323460841	206	53612143	53616143	hypo	neutral	promoter_hypo_only	ACVR2A	ACVR2A	NC_086021.1	53614143	53701933	+	LoF	TRUE	6	COREAD,HC,PAAD,SSCC,ST,UCEC	11
Apc	chr18	24470000	26890000	-0.0527	neutral	26138382	26138382	0.742437747653806	38	26136382	26140382	typical	neutral	none	APC	APC	NC_086036.1	26138382	26196021	+	LoF	TRUE	14	AN,BC,CH,CM,COREAD,ESCA,HC,NSCLC,PRAD,SBCC,SSCC,ST,UVM,VV	28
Arid1a	chr5	139710000	159130000	-0.4289	loss	151269291	151269291	0.198247554904832	110	151267291	151271291	typical	loss	het_loss	ARID1A	ARID1A	NC_086023.1	151192014	151269291	-	LoF	TRUE	29	BLCA,BLY,BRCA,CESC,CH,CLL,COREAD,DLBCL,ESCA,GBM,HC,LGG,LUAD,LUSC,MBL,NHLY,NSCLC,OS,OV,PAAD,PIA,PRAD,RCCC,RPC,SBCC,SCLC,ST,UCEC,UCS	70
Arid1b	chr1	42070000	50130000	-0.1087	neutral	47973199	47973199	0.108244769620253	254	47971199	47975199	hypo	neutral	promoter_hypo_only	ARID1B	ARID1B	NC_086019.1	47973199	48328793	+	LoF	TRUE	11	BLCA,BRCA,COREAD,DLBCL,HC,HGG,LGG,LUSC,MBL,PAAD,PIA	12
Arid2	chr7	122630000	131610000	0.0011	neutral	129326371	129326371	0.0729381821351775	372	129324371	129328371	hypo	neutral	promoter_hypo_only	ARID2	ARID2	NC_086025.1	129326371	129443813	+	LoF	TRUE	15	BLCA,CH,CM,ESCA,HC,HNSC,LGG,LUAD,MBL,NSCLC,PAAD,PIA,SSCC,ST,THCA	29
Atm	chr8	47070000	63930000	-0.0933	neutral	62829040	62829040	0.0988459541381129	138	62827040	62831040	hypo	neutral	promoter_hypo_only	ATM	ATM	NC_086026.1	62724939	62829040	-	LoF	TRUE	20	BLCA,BRCA,CH,CLL,COREAD,ESCA,HC,HGG,LUAD,MM,NB,NSCLC,PAAD,PAIS,PRAD,RCCC,SCLC,ST,THCA,UCEC	44
Axin1	chr10	12490000	18150000	-0.258	neutral	15667894	15667894	0.141239069215948	150	15665894	15669894	typical	neutral	none	AXIN1	AXIN1	NC_086028.1	15667894	15720092	+	LoF	TRUE	3	ESCA,GBM,HC	9
Axin2	chr10	85210000	107290000	-0.3096	neutral	94393379	94393379	0.771280122532335	51	94391379	94395379	typical	neutral	none	AXIN2	AXIN2	NC_086028.1	94393379	94426579	+	LoF	TRUE	1	HC	1
Bap1	chr16	5270000	8270000	-0.104	neutral	6453126	6453126	0.182002312138729	153	6451126	6455126	typical	neutral	none	BAP1	BAP1	NC_086034.1	6453126	6461952	+	LoF	TRUE	12	BRCA,CESC,CH,CM,ESCA,HC,MESO,NSCLC,PAAD,RCCC,RPC,UVM	19
Brd7	chr19	34030000	38610000	-0.2033	neutral	34882238	34882238	0.120250659319032	130	34880238	34884238	typical	neutral	none	BRD7	BRD7	NC_086037.1	34882238	34910944	+	LoF	TRUE	2	CM,HC	3
Camta1	chr5	164610000	172150000	-0.4379	loss	167639502	167639502	0.137555051358731	277	167637502	167641502	typical	loss	het_loss	CAMTA1	CAMTA1	NC_086023.1	166791639	167639502	-	LoF	TRUE	1	HC	1
Cdkn1a	chr20	5290000	25870000	-0.2982	neutral	7150820	7150820	0.829873961038961	68	7148820	7152820	typical	neutral	none	CDKN1A	CDKN1A	NC_086038.1	7150820	7161373	+	LoF	TRUE	3	BLCA,HC,RCH	10
Cdkn1b	chr4	168250000	184390000	-0.2145	neutral	169491273	169491273	0.115468024861878	172	169489273	169493273	typical	neutral	none	CDKN1B	CDKN1B	NC_086022.1	169491273	169496500	+	LoF	TRUE	6	BCNET,BRCA,DLBCL,HC,MM,PRAD	10
Cdkn2a	chr5	109110000	130070000	-0.0305	neutral	109114448	109114448	0.566484971098266	27	109112448	109116448	typical	neutral	none	CDKN2A	CDKN2A	NC_086023.1	109100763	109114448	-	LoF	TRUE	19	ACY,BLCA,BRCA,CH,CM,ESCA,GBM,HC,HNSC,LGG,LUAD,LUSC,NSCLC,OS,PAAD,RCCC,SSCC,ST,VV	55
Crebbp	chr10	7470000	12330000	-0.2734	neutral	11842307	11842307	0.0857841860465119	263	11840307	11844307	hypo	neutral	promoter_hypo_only	CREBBP	CREBBP	NC_086028.1	11842307	11968266	+	LoF	TRUE	18	ALL,BLCA,BRCA,CLL,DLBCL,ESCA,HC,HNSC,LUSC,LY,MBL,NHLY,PAIS,PIA,SBCC,SCLC,SG,VV	33
Dnmt3a	chr6	28870000	32950000	-0.1915	neutral	32507316	32507316	0.846419523809524	40	32505316	32509316	typical	neutral	none	DNMT3A	DNMT3A	NC_086024.1	32507316	32621678	+	LoF	TRUE	7	AML,HC,LGG,MDPS,PRAD,RPC,THCA	11
Ep300	chr7	111950000	122570000	-0.1353	neutral	114987857	114987857	0.0579287295535605	189	114985857	114989857	hypo	neutral	promoter_hypo_only	EP300	EP300	NC_086025.1	114987857	115058652	+	LoF	TRUE	12	BLCA,CESC,COREAD,DLBCL,ESCA,HC,HNSC,LUSC,MBL,NHLY,NSPH,SCLC	20
Fat1	chr16	52310000	55610000	-1.0068	loss	54029175	54029175	0.149486941580756	146	54027175	54031175	typical	loss	het_loss	FAT1	FAT1	NC_086034.1	53909759	54029175	-	LoF	TRUE	20	AN,BCNET,BLCA,BRCA,CESC,CLL,ESCA,HC,HNSC,LUSC,MBL,OV,PAAD,PRAD,SBCC,SSCC,ST,UCEC,UVM,VV	33
Fat4	chr2	109490000	133750000	-0.018	neutral	123855289	123855289	0.0837307099261162	222	123853289	123857289	hypo	neutral	promoter_hypo_only	FAT4	FAT4	NC_086020.1	123855289	123984716	+	LoF	TRUE	24	ACC,ALL,AML,BRCA,CLL,CM,COREAD,DLBCL,ESCA,GBM,HC,HNSC,LUAD,LY,MESO,MGCT,MM,NSCLC,PAAD,PAIS,PRAD,SBCC,SCLC,ST	33
Gmps	chr2	135690000	151070000	-0.0268	neutral	150587824	150587824	0.188328751725498	110	150585824	150589824	typical	neutral	none	GMPS	GMPS	NC_086020.1	150587824	150641564	+	LoF	TRUE	1	HC	1
Hnf1a	chr12	43050000	51550000	-0.529	loss	47299171	47299171	0.464029901269394	64	47297171	47301171	typical	loss	het_loss	HNF1A	HNF1A	NC_086030.1	47299171	47333457	+	LoF	TRUE	1	HC	2
Kmt2a	chr8	47070000	63930000	-0.0933	neutral	54089219	54089219	0.0704906540896115	235	54087219	54091219	hypo	neutral	promoter_hypo_only	KMT2A	KMT2A	NC_086026.1	54013547	54089219	-	LoF	TRUE	10	ACC,BCNET,BLCA,CM,ESCA,HC,OV,PRAD,SBCC,THCA	13
Kmt2c	chr4	5610000	14950000	-0.1587	neutral	10353698	10353698	0.0844449847345297	306	10351698	10355698	hypo	neutral	promoter_hypo_only	KMT2C	KMT2C	NC_086022.1	10353698	10755965	+	LoF	TRUE	32	ACY,AML,AN,BLCA,BRCA,CESC,CH,CM,COREAD,ESCA,EWS,HC,HNSC,LUAD,LUSC,MBL,NSPH,OV,PAAD,PAIS,PCPG,PIA,PRAD,RCCC,RPC,SCLC,SG,SSCC,ST,THCA,UCEC,VV	69
Kmt2d	chr7	131630000	131930000	-0.597	loss	131901032	131901032	0.162366690353526	171	131899032	131903032	typical	loss	het_loss	KMT2D	KMT2D	NC_086025.1	131859696	131901032	-	LoF	TRUE	31	ACY,ALL,AN,BLCA,BRCA,CESC,CH,CLL,DLBCL,ESCA,GBM,HC,HGG,HNSC,LUSC,LY,MBL,MESO,NB,NHLY,NSCLC,OV,PAAD,PIA,PRAD,RCH,SBCC,SCLC,SSCC,ST,UCEC	65
Lrp1b	chr3	41510000	106350000	0.1926	neutral	47125147	47125147	0.896308498845265	77	47123147	47127147	hyper	neutral	promoter_hyper_only	LRP1B	LRP1B	NC_086021.1	45004001	47125147	-	LoF	TRUE	30	AML,AN,BRCA,CH,CLL,CM,COREAD,ESCA,GBM,HC,HNSC,LUAD,LUSC,MBL,MGCT,MM,NB,NSCLC,OS,OV,PAAD,PRAD,RCCC,RHBDS,SBCC,SCLC,ST,THCA,UCS,UVM	60
Map3k1	chr2	43130000	53990000	-0.0071	neutral	45150555	45150555	0.855297220891231	66	45148555	45152555	typical	neutral	none	MAP3K1	MAP3K1	NC_086020.1	45081889	45150555	-	LoF	TRUE	7	BRCA,CESC,COREAD,GBM,HC,THCA,UCEC	12
Men1	chr1	210690000	238550000	-0.0429	neutral	213068166	213068166	0.235043554443054	103	213066166	213070166	typical	neutral	none	MEN1	MEN1	NC_086019.1	213068166	213074132	+	LoF	TRUE	5	ACC,BRCA,HC,LNET,PAIS	6
Nf1	chr10	62050000	64830000	-0.1398	neutral	64803986	64803986	0.147282414639589	136	64801986	64805986	typical	neutral	none	NF1	NF1	NC_086028.1	64803986	65037086	+	LoF	TRUE	23	ACC,ALL,AML,BLCA,BRCA,CH,CM,COREAD,GBM,HC,HNSC,LGG,LUAD,LUSC,NB,NSCLC,OV,PCPG,PIA,RCCC,RHBDS,S,THCA	42
Nf2	chr14	80590000	109084928	-0.0588	neutral	83934263	83934263	0.197690983170948	135	83932263	83936263	typical	neutral	none	NF2	NF2	NC_086032.1	83850894	83934263	-	LoF	TRUE	9	CESC,HC,HNSC,MESO,OV,PAAD,RCCC,RPC,SSCC	11
Pten	chr1	239330000	240290000	-0.0535	neutral	240043707	240043707	0.0628600225679051	244	240041707	240045707	hypo	neutral	promoter_hypo_only	PTEN	PTEN	NC_086019.1	240043707	240110330	+	LoF	TRUE	28	BLCA,BRCA,CESC,CH,CM,COREAD,ESCA,GBM,HC,HGG,HNSC,LGG,LUSC,MBL,NSCLC,OS,OV,PAIS,PIA,PRAD,RCCC,RCH,RPC,S,ST,THCA,UCEC,UCS	61
Ranbp2	chr20	26370000	37890000	-0.1422	neutral	26984520	26984520	0.220946979062812	123	26982520	26986520	typical	neutral	none	RANBP2	RANBP2	NC_086038.1	26984520	27036573	+	LoF	TRUE	6	HC,NB,NSPH,PCPG,PRAD,RCCC	6
Rb1	chr15	49990000	57850000	-0.0381	neutral	54911989	54911989	0.109688615110583	209	54909989	54913989	hypo	neutral	promoter_hypo_only	RB1	RB1	NC_086033.1	54780858	54911989	-	LoF	TRUE	24	ACC,BLCA,BRCA,CESC,CM,ESCA,GBM,HC,HNSC,LEIS,LUAD,LUSC,MM,NSCLC,OS,OV,PIA,PRAD,RB,S,SCLC,ST,UCEC,UCS	52
Rps6ka3	chrX	37310000	41510000	-0.0863	neutral	39432017	39432017	0.872879010770975	187	39430017	39434017	hyper	neutral	promoter_hyper_only	RPS6KA3	RPS6KA3	NC_086039.1	39325926	39432017	-	LoF	TRUE	1	HC	4
Setd2	chr8	117430000	123490000	-0.2127	neutral	119390207	119390207	0.100488538932633	178	119388207	119392207	hypo	neutral	promoter_hypo_only	SETD2	SETD2	NC_086026.1	119390207	119475863	+	LoF	TRUE	18	ALL,BLCA,CLL,CM,EWS,HC,LGG,LUAD,MESO,MM,NSCLC,OS,PAAD,PAIS,PIA,PRAD,RCCC,RPC	25
Smarca4	chr8	8390000	31990000	0.0283	neutral	28438370	28438370	0.934243388134382	48	28436370	28440370	hyper	neutral	promoter_hyper_only	SMARCA4	SMARCA4	NC_086026.1	28438370	28535071	+	LoF	TRUE	15	BLCA,BLY,COREAD,ESCA,HC,HNSC,LGG,LUAD,MBL,NHLY,NSCLC,PAAD,PIA,RPC,THYM	25
Tfg	chr11	13370000	58150000	0.1644	neutral	57354607	57354607	0.131128777286346	115	57352607	57356607	typical	neutral	none	TFG	TFG	NC_086029.1	57354607	57381071	+	LoF	TRUE	1	HC	1
Tp53	chr10	42690000	61130000	-0.1479	neutral	54798871	54798871	0.0550647036328872	148	54796871	54800871	hypo	neutral	promoter_hypo_only	TP53	TP53	NC_086028.1	54798871	54810300	+	LoF	TRUE	52	ACC,ALL,AML,AN,ANGS,BC,BLCA,BLY,BRCA,CESC,CH,CLL,CM,COREAD,DLBCL,ESCA,EWS,GBM,HC,HGG,HNSC,LEIS,LGG,LUAD,LUSC,LY,MBL,MESO,MM,NHLY,NSCLC,NSPH,OS,OV,PAAD,PAIS,PIA,PRAD,RCCC,RCH,RPC,S,SBCC,SCLC,SSCC,ST,THCA,THYM,UCEC,UCS,VV,WT	165
Tsc1	chr3	20030000	35050000	0.0134	neutral	32367434	32367434	0.206607914369121	113	32365434	32369434	typical	neutral	none	TSC1	TSC1	NC_086021.1	32367434	32416565	+	LoF	TRUE	2	BLCA,HC	6
Tsc2	chr10	12490000	18150000	-0.258	neutral	14160317	14160317	0.312232994803968	106	14158317	14162317	typical	neutral	none	TSC2	TSC2	NC_086028.1	14125679	14160317	-	LoF	TRUE	6	ACY,BLCA,HC,PAIS,RCH,SSCC	11
Xpc	chr4	124730000	127810000	-0.0911	neutral	125578084	125578084	0.182052995096994	103	125576084	125580084	typical	neutral	none	XPC	XPC	NC_086022.1	125550833	125578084	-	LoF	TRUE	1	HC	1
Birc6	chr6	5810000	28810000	0.03	neutral	26668275	26668275	0.119876223499109	164	26666275	26670275	typical	neutral	none	BIRC6	BIRC6	NC_086024.1	26474843	26668275	-	ambiguous	TRUE	12	BLCA,CH,COREAD,DLBCL,ESCA,HC,HNSC,MGCT,NHLY,PAAD,PCPG,UCEC	16
Cacna1d	chr16	5270000	8270000	-0.104	neutral	5527549	5527549	0.401330859375	197	5525549	5529549	typical	neutral	none	CACNA1D	CACNA1D	NC_086034.1	5233682	5527549	-	ambiguous	TRUE	5	BRCA,GBM,HC,OV,ST	6
Cdh11	chr19	10000	13810000	-0.0158	neutral	2152961	2152961	0.804143957968477	108	2150961	2154961	typical	neutral	none	CDH11	CDH11	NC_086037.1	2152961	2312140	+	ambiguous	TRUE	6	CH,CM,ESCA,HC,LUSC,ST	8
Flt4	chr10	28670000	39930000	-0.1447	neutral	34414834	34414834	0.285473368508748	129	34412834	34416834	typical	neutral	none	FLT4	FLT4	NC_086028.1	34414834	34455878	+	ambiguous	TRUE	7	ANGS,BLCA,HC,LUAD,LUSC,NB,SBCC	8
Nbea	chr2	135690000	151070000	-0.0268	neutral	142489172	142489172	0.115760157527121	199	142487172	142491172	typical	neutral	none	NBEA	NBEA	NC_086020.1	141930147	142489172	-	ambiguous	TRUE	7	BC,CM,COREAD,DLBCL,ESCA,HC,PAAD	9
Pot1	chr4	31330000	57990000	0.0213	neutral	55228588	55228588	0.256390721649485	56	55226588	55230588	typical	neutral	none	POT1	POT1	NC_086022.1	55170821	55228588	-	ambiguous	TRUE	5	CLL,CM,HC,LGG,UCEC	7
Prdm2	chr5	159290000	162470000	-0.3474	neutral	160815184	160815184	0.238735784982935	148	160813184	160817184	typical	neutral	none	PRDM2	PRDM2	NC_086023.1	160704396	160815184	-	ambiguous	TRUE	3	AN,HC,RPC	3
Runx1t1	chr5	29430000	56130000	0.0119	neutral	31984946	31984946	0.171817911714771	162	31982946	31986946	typical	neutral	none	RUNX1T1	RUNX1T1	NC_086023.1	31984946	32136878	+	ambiguous	TRUE	5	HC,LGG,PRAD,SBCC,SCLC	6
Tet1	chr20	5290000	25870000	-0.2982	neutral	25766806	25766806	0.820177951524629	34	25764806	25768806	typical	neutral	none	TET1	TET1	NC_086038.1	25766806	25839598	+	ambiguous	TRUE	5	GBM,HC,RPC,SBCC,ST	6
Usp8	chr3	130050000	143290000	0.1028	neutral	134413832	134413832	0.176995402644231	79	134411832	134415832	typical	neutral	none	USP8	USP8	NC_086021.1	134413832	134463040	+	ambiguous	TRUE	3	HC,LUSC,MM	3
Wnk2	chr17	14790000	16030000	-0.1699	neutral	15709648	15709648	0.202520410393395	233	15707648	15711648	typical	neutral	none	WNK2	WNK2	NC_086035.1	15709648	15818874	+	ambiguous	TRUE	3	COREAD,HC,THCA	3
Abl2	chr13	53910000	71930000	0.5636	gain	71223902	71223902	0.228452459016394	141	71221902	71225902	typical	gain	amplification	ABL2	ABL2	NC_086031.1	71223902	71319770	+	Act	FALSE	3	BRCA,THCA,UCEC	4
Ackr3	chr9	94670000	104970000	-0.1325	neutral	98247300	98247300	0.27088369132856	99	98245300	98249300	typical	neutral	none	ACKR3	ACKR3	NC_086027.1	98247300	98258877	+	Act	FALSE	1	OV	1
Acsl3	chr9	44770000	94510000	-0.0019	neutral	87563601	87563601	0.117430896814913	166	87561601	87565601	typical	neutral	none	ACSL3	ACSL3	NC_086027.1	87563601	87613078	+	Act	FALSE	1	AML	1
Aff1	chr14	4210000	20630000	-0.1168	neutral	6328848	6328848	0.189174955213185	170	6326848	6330848	typical	neutral	none	AFF1	AFF1	NC_086032.1	6165864	6328848	-	Act	FALSE	1	CM	1
Akt1	chr6	134550000	138530000	-0.4283	loss	137555131	137555131	0.0912204341153253	200	137553131	137557131	hypo	loss	het_loss	AKT1	AKT1	NC_086024.1	137534810	137555131	-	Act	FALSE	8	ACY,ALL,BRCA,CESC,OS,PRAD,THCA,UCEC	17
Ar	chrX	56890000	85810000	-0.0364	neutral	67135317	67135317	0.801445367027677	91	67133317	67137317	typical	neutral	none	AR	AR	NC_086039.1	67135317	67304476	+	Act	FALSE	5	CH,DLBCL,MM,NSPH,PRAD	8
Araf	chrX	2770000	4590000	-0.0611	neutral	3845919	3845919	0.182609881175735	49	3843919	3847919	typical	neutral	none	ARAF	ARAF	NC_086039.1	3780932	3845919	-	Act	FALSE	2	CH,CLL	2
Arhgef12	chr8	47070000	63930000	-0.0933	neutral	52373158	52373158	0.0959449556400507	179	52371158	52375158	hypo	neutral	promoter_hypo_only	ARHGEF12	ARHGEF12	NC_086026.1	52247047	52373158	-	Act	FALSE	2	BRCA,ST	2
Bcl11a	chr14	80590000	109084928	-0.0588	neutral	102230147	102230147	0.0777944088918826	209	102228147	102232147	hypo	neutral	promoter_hypo_only	BCL11A	BCL11A	NC_086032.1	102230147	102325289	+	Act	FALSE	1	NHLY	1
Bcl11b	chr6	128590000	134350000	-0.3669	neutral	132692123	132692123	0.06565798731847	248	132690123	132694123	hypo	neutral	promoter_hypo_only	BCL11B	BCL11B	NC_086024.1	132598968	132692123	-	Act	FALSE	4	DLBCL,GBM,PAAD,VV	4
Bcl2	chr13	11070000	29770000	0.9485	gain	23366900	23366900	0.27711283088967	195	23364900	23368900	typical	gain	amplification	BCL2	BCL2	NC_086031.1	23204464	23366900	-	Act	FALSE	2	DLBCL,LY	4
Bcl6	chr11	89910000	99150000	0.0619	neutral	90358753	90358753	0.130807676518884	191	90356753	90360753	typical	neutral	none	BCL6	BCL6	NC_086029.1	90358753	90382049	+	Act	FALSE	2	DLBCL,NHLY	3
Bcl7a	chr12	37070000	41730000	-0.4441	loss	38904770	38904770	0.102116793137578	243	38902770	38906770	hypo	loss	het_loss	BCL7A	BCL7A	NC_086030.1	38872851	38904770	-	Act	FALSE	2	DLBCL,MM	2
Bcl9	chr2	184570000	191510000	0.4516	gain	187475241	187475241	0.305824265352807	100	187473241	187477241	typical	gain	amplification	BCL9	BCL9	NC_086020.1	187449425	187475241	-	Act	FALSE	2	COREAD,ST	3
Bcl9l	chr8	47070000	63930000	-0.0933	neutral	53708770	53708770	0.106131014150943	127	53706770	53710770	hypo	neutral	promoter_hypo_only	BCL9L	BCL9L	NC_086026.1	53708770	53738880	+	Act	FALSE	1	COREAD	3
Bclaf1	chr1	14910000	18690000	-0.0614	neutral	16904572	16904572	0.39278609143593	39	16902572	16906572	typical	neutral	none	BCLAF1	BCLAF1	NC_086019.1	16904572	16937106	+	Act	FALSE	3	AML,CM,ST	3
Bcr	chr20	5290000	25870000	-0.2982	neutral	13596333	13596333	0.0990282952133929	251	13594333	13598333	hypo	neutral	promoter_hypo_only	BCR	BCR	NC_086038.1	13468732	13596333	-	Act	FALSE	5	CLL,DLBCL,LUSC,LY,SCLC	6
Birc3	chr8	8390000	31990000	0.0283	neutral	13313329	13313329	0.297329078014184	73	13311329	13315329	typical	neutral	none	BIRC3	BIRC3	NC_086026.1	13285702	13313329	-	Act	FALSE	1	CLL	1
Braf	chr4	63010000	71890000	-0.062	neutral	69476931	69476931	0.21780199122511	147	69474931	69478931	typical	neutral	none	BRAF	BRAF	NC_086022.1	69329772	69476931	-	Act	FALSE	19	BLCA,BRCA,CLL,CM,COREAD,DLBCL,GBM,HGG,LGG,LUAD,LUSC,MM,NSCLC,OV,PIA,PRAD,RPC,THCA,UCEC	43
Brd4	chr7	5670000	18170000	-0.1107	neutral	11946575	11946575	0.118049088081436	182	11944575	11948575	typical	neutral	none	BRD4	BRD4	NC_086025.1	11866997	11946575	-	Act	FALSE	2	BLCA,PRAD	2
Btk	chrX	98770000	102910000	0.0035	neutral	102055448	102055448	0.81033418512209	38	102053448	102057448	typical	neutral	none	BTK	BTK	NC_086039.1	102016070	102055448	-	Act	FALSE	2	LUAD,NHLY	2
Cbfa2t3	chr19	67110000	72590000	-0.4056	loss	67658533	67658533	0.809487602552416	67	67656533	67660533	typical	loss	het_loss	CBFA2T3	CBFA2T3	NC_086037.1	67584319	67658533	-	Act	FALSE	1	CESC	1
Cbfb	chr19	47230000	53370000	-0.0944	neutral	49955133	49955133	0.799249583718779	30	49953133	49957133	typical	neutral	none	CBFB	CBFB	NC_086037.1	49955133	50002661	+	Act	FALSE	1	BRCA	6
Cbl	chr8	47070000	63930000	-0.0933	neutral	53468067	53468067	0.160436865225795	137	53466067	53470067	typical	neutral	none	CBL	CBL	NC_086026.1	53384656	53468067	-	Act	FALSE	2	ALL,AML	2
Ccnd1	chr1	161350000	210610000	-0.1496	neutral	209527986	209527986	0.0566404937945604	217	209525986	209529986	hypo	neutral	promoter_hypo_only	CCND1	CCND1	NC_086019.1	209518288	209527986	-	Act	FALSE	2	MM,UCEC	2
Ccnd2	chr4	161330000	167210000	-0.0699	neutral	161675422	161675422	0.302767444384156	176	161673422	161677422	typical	neutral	none	CCND2	CCND2	NC_086022.1	161653048	161675422	-	Act	FALSE	2	AML,CLL	2
Ccnd3	chr9	16350000	44630000	-0.0758	neutral	20987199	20987199	0.492925270607827	72	20985199	20989199	typical	neutral	none	CCND3	CCND3	NC_086027.1	20891696	20987199	-	Act	FALSE	4	BLY,DLBCL,LY,NHLY	4
Cd79b	chr10	85210000	107290000	-0.3096	neutral	91742312	91742312	0.814408013082584	44	91740312	91744312	typical	neutral	none	CD79B	CD79B	NC_086028.1	91739134	91742312	-	Act	FALSE	2	DLBCL,NHLY	4
Cdh10	chr2	54090000	78870000	0.044	neutral	70355521	70355521	0.546275981941309	55	70353521	70357521	typical	neutral	none	CDH10	CDH10	NC_086020.1	70355521	70577880	+	Act	FALSE	3	LUAD,LUSC,PAAD	4
Cdk4	chr7	64490000	65090000	-0.5385	loss	64771453	64771453	0.204298052464229	117	64769453	64773453	typical	loss	het_loss	CDK4	CDK4	NC_086025.1	64771453	64774891	+	Act	FALSE	1	CM	1
Chd4	chr4	154630000	160570000	-0.2723	neutral	159584623	159584623	0.1309466499861	148	159582623	159586623	typical	neutral	none	CHD4	CHD4	NC_086022.1	159584623	159617867	+	Act	FALSE	5	ALL,BLCA,RCH,UCEC,UCS	6
Ciita	chr10	570000	5810000	-0.1216	neutral	5694393	5694393	0.694774603914259	49	5692393	5696393	typical	neutral	none	CIITA	CIITA	NC_086028.1	5646854	5694393	-	Act	FALSE	2	DLBCL,HNSC	2
Cnot3	chr1	70570000	74670000	0.1058	neutral	74487527	74487527	0.084871959814065	160	74485527	74489527	hypo	neutral	promoter_hypo_only	CNOT3	CNOT3	NC_086019.1	74471284	74487527	-	Act	FALSE	2	CLL,PRAD	3
Col1a1	chr10	80310000	80690000	-0.5946	loss	80380458	80380458	0.401988272425249	97	80378458	80382458	typical	loss	het_loss	COL1A1	COL1A1	NC_086028.1	80380458	80397461	+	Act	FALSE	5	CESC,CM,GBM,MM,SBCC	5
Cpeb3	chr1	242970000	246250000	0.5101	gain	244343765	244343765	0.0854199443746635	159	244341765	244345765	hypo	gain	amp+hypo (activation)	CPEB3	CPEB3	NC_086019.1	244161690	244343765	-	Act	FALSE	1	SBCC	1
Crnkl1	chr3	152730000	156830000	0.0906	neutral	153807973	153807973	0.195903638554217	90	153805973	153809973	typical	neutral	none	CRNKL1	CRNKL1	NC_086021.1	153764718	153807973	-	Act	FALSE	1	CM	1
Csf3r	chr5	139710000	159130000	-0.4289	loss	143583126	143583126	0.839931412429379	82	143581126	143585126	typical	loss	het_loss	CSF3R	CSF3R	NC_086023.1	143583126	143604382	+	Act	FALSE	1	AML	1
Cxcr4	chr13	31770000	53850000	0.3737	neutral	42634288	42634288	0.153740113427345	159	42632288	42636288	typical	neutral	none	CXCR4	CXCR4	NC_086031.1	42630383	42634288	-	Act	FALSE	1	DLBCL	1
Cysltr2	chr15	49990000	57850000	-0.0381	neutral	54638314	54638314	0.74902691309987	35	54636314	54640314	typical	neutral	none	CYSLTR2	CYSLTR2	NC_086033.1	54599043	54638314	-	Act	FALSE	1	UVM	1
Dcaf12l2	chrX	125490000	135290000	-0.0306	neutral	128169829	128169829	0.815790531989688	92	128167829	128171829	typical	neutral	none	DCAF12L2	DCAF12L2	NC_086039.1	128167040	128169829	-	Act	FALSE	2	GBM,PRAD	2
Dcstamp	chr7	67490000	83070000	0.0409	neutral	72692364	72692364	0.794949157303371	49	72690364	72694364	typical	neutral	none	DCSTAMP	DCSTAMP	NC_086025.1	72692364	72706983	+	Act	FALSE	1	ST	1
Egfr	chr14	80590000	109084928	-0.0588	neutral	95378626	95378626	0.346203182011031	145	95376626	95380626	typical	neutral	none	EGFR	EGFR	NC_086032.1	95378626	95551358	+	Act	FALSE	9	BRCA,COREAD,GBM,HGG,LGG,LUAD,MM,NSCLC,PIA	14
Eif3e	chr7	67490000	83070000	0.0409	neutral	76257346	76257346	0.163711776718856	77	76255346	76259346	typical	neutral	none	EIF3E	EIF3E	NC_086025.1	76224567	76257346	-	Act	FALSE	2	CESC,COREAD	2
Elf4	chrX	125490000	135290000	-0.0306	neutral	132508175	132508175	0.503001773369402	206	132506175	132510175	typical	neutral	none	ELF4	ELF4	NC_086039.1	132465290	132508175	-	Act	FALSE	1	AML	1
Epas1	chr6	5810000	28810000	0.03	neutral	13626147	13626147	0.325505202075369	147	13624147	13628147	typical	neutral	none	EPAS1	EPAS1	NC_086024.1	13543252	13626147	-	Act	FALSE	3	BRCA,PCPG,SSCC	3
Eps15	chr5	109110000	130070000	-0.0305	neutral	129274487	129274487	0.147305914762599	133	129272487	129276487	typical	neutral	none	EPS15	EPS15	NC_086023.1	129274487	129374856	+	Act	FALSE	1	PRAD	1
Erbb2	chr10	83590000	85130000	-0.2135	neutral	83907491	83907491	0.217567275978542	142	83905491	83909491	typical	neutral	none	ERBB2	ERBB2	NC_086028.1	83907491	83931365	+	Act	FALSE	10	BLCA,BRCA,CESC,CH,COREAD,ESCA,NSCLC,OV,RPC,ST	20
Erbb3	chr7	1210000	1630000	-0.6033	loss	1600379	1600379	0.247373436635307	140	1598379	1602379	typical	loss	het_loss	ERBB3	ERBB3	NC_086025.1	1579079	1600379	-	Act	FALSE	10	BLCA,BRCA,CESC,CH,COREAD,NB,PRAD,ST,UCEC,UCS	14
Erg	chr11	13370000	58150000	0.1644	neutral	48370472	48370472	0.220550054794521	101	48368472	48372472	typical	neutral	none	ERG	ERG	NC_086029.1	48148149	48370472	-	Act	FALSE	2	OV,PRAD	2
Esr1	chr1	42070000	50130000	-0.1087	neutral	43511685	43511685	0.679424289855073	54	43509685	43513685	typical	neutral	none	ESR1	ESR1	NC_086019.1	43511685	43904454	+	Act	FALSE	5	BRCA,LUSC,OS,SBCC,UCEC	6
Esrra	chr1	210690000	238550000	-0.0429	neutral	213543432	213543432	0.150357494672034	153	213541432	213545432	typical	neutral	none	ESRRA	ESRRA	NC_086019.1	213533309	213543432	-	Act	FALSE	1	ACY	1
Etv5	chr11	89910000	99150000	0.0619	neutral	92113171	92113171	0.10437851718901	203	92111171	92115171	hypo	neutral	promoter_hypo_only	ETV5	ETV5	NC_086029.1	92113171	92170758	+	Act	FALSE	2	AML,BRCA	2
Etv6	chr4	168250000	184390000	-0.2145	neutral	168580405	168580405	0.127247370714701	188	168578405	168582405	typical	neutral	none	ETV6	ETV6	NC_086022.1	168580405	168819817	+	Act	FALSE	3	ALL,DLBCL,NHLY	3
Ewsr1	chr14	80590000	109084928	-0.0588	neutral	84208149	84208149	0.119320371308017	184	84206149	84210149	typical	neutral	none	EWSR1	EWSR1	NC_086032.1	84179413	84208149	-	Act	FALSE	1	EWS	1
Fam135b	chr7	95610000	111810000	0.0859	neutral	105538716	105538716	0.778123877278791	55	105536716	105540716	typical	neutral	none	FAM135B	FAM135B	NC_086025.1	105269831	105538716	-	Act	FALSE	5	ESCA,HNSC,LUSC,PAAD,UCS	6
Fat2	chr10	39950000	40010000	-0.9703	loss	39957027	39957027	0.771513135985199	43	39955027	39959027	typical	loss	het_loss	FAT2	FAT2	NC_086028.1	39864765	39957027	-	Act	FALSE	1	VV	1
Fbln1	chr7	111950000	122570000	-0.1353	neutral	118190347	118190347	0.237780711206896	100	118188347	118192347	typical	neutral	none	FBLN1	FBLN1	NC_086025.1	118190347	118269965	+	Act	FALSE	1	BC	1
Fgd5	chr4	124730000	127810000	-0.0911	neutral	126054201	126054201	0.723222064569196	128	126052201	126056201	typical	neutral	none	FGD5	FGD5	NC_086022.1	126054201	126151698	+	Act	FALSE	1	AML	1
Fgfr1	chr16	73190000	73550000	-0.7647	loss	73249855	73249855	0.211969795275591	210	73247855	73251855	typical	loss	het_loss	FGFR1	FGFR1	NC_086034.1	73194631	73249855	-	Act	FALSE	6	BLCA,MBL,OV,PCPG,PIA,PRAD	8
Fgfr2	chr1	161350000	210610000	-0.1496	neutral	194280914	194280914	0.876124416517056	194	194278914	194282914	hyper	neutral	promoter_hyper_only	FGFR2	FGFR2	NC_086019.1	194175703	194280914	-	Act	FALSE	5	BRCA,CH,LUSC,SG,UCEC	8
Fgfr3	chr14	80590000	109084928	-0.0588	neutral	81227215	81227215	0.107880272108844	226	81225215	81229215	hypo	neutral	promoter_hypo_only	FGFR3	FGFR3	NC_086032.1	81211800	81227215	-	Act	FALSE	5	BLCA,HNSC,LUSC,MESO,MM	12
Fgfr4	chr17	10000	11450000	-0.1793	neutral	9481423	9481423	0.464432651006711	118	9479423	9483423	typical	neutral	none	FGFR4	FGFR4	NC_086035.1	9466686	9481423	-	Act	FALSE	1	GBM	2
Flt3	chr12	9410000	12750000	-0.4577	loss	12660035	12660035	0.388497805247225	130	12658035	12662035	typical	loss	het_loss	FLT3	FLT3	NC_086030.1	12660035	12735584	+	Act	FALSE	2	ALL,AML	7
Foxl2	chr8	105630000	108830000	-0.1616	neutral	108392466	108392466	0.140830498390714	309	108390466	108394466	typical	neutral	none	FOXL2	FOXL2	NC_086026.1	108392466	108395553	+	Act	FALSE	1	OV	1
Foxo1	chr2	135690000	151070000	-0.0268	neutral	138462974	138462974	0.0889170739929207	275	138460974	138464974	hypo	neutral	promoter_hypo_only	FOXO1	FOXO1	NC_086020.1	138462974	138541420	+	Act	FALSE	2	BLY,NHLY	2
Foxp1	chr4	133310000	145210000	-0.103	neutral	133808647	133808647	0.668637935568705	63	133806647	133810647	typical	neutral	none	FOXP1	FOXP1	NC_086022.1	133117346	133808647	-	Act	FALSE	2	AN,PRAD	3
Gata1	chrX	16870000	19990000	-0.1599	neutral	17193291	17193291	0.82852	69	17191291	17195291	typical	neutral	none	GATA1	GATA1	NC_086039.1	17193291	17209462	+	Act	FALSE	1	BRCA	1
Gata2	chr4	115250000	123930000	-0.167	neutral	122211501	122211501	0.36384071146245	135	122209501	122213501	typical	neutral	none	GATA2	GATA2	NC_086022.1	122211501	122225058	+	Act	FALSE	1	AML	4
Gli1	chr7	64490000	65090000	-0.5385	loss	65054888	65054888	0.0741494279176201	120	65052888	65056888	hypo	loss	het_loss	GLI1	GLI1	NC_086025.1	65042237	65054888	-	Act	FALSE	1	LEIS	1
Gna11	chr7	5670000	18170000	-0.1107	neutral	8814285	8814285	0.138409710391823	179	8812285	8816285	typical	neutral	none	GNA11	GNA11	NC_086025.1	8814285	8828628	+	Act	FALSE	2	CM,UVM	3
Gnaq	chr1	210690000	238550000	-0.0429	neutral	222852453	222852453	0.107819542883528	243	222850453	222854453	hypo	neutral	promoter_hypo_only	GNAQ	GNAQ	NC_086019.1	222852453	223098754	+	Act	FALSE	2	CM,UVM	2
Grin2a	chr10	5910000	7270000	-0.2489	neutral	6136458	6136458	0.641578494623656	168	6134458	6138458	typical	neutral	none	GRIN2A	GRIN2A	NC_086028.1	6136458	6560003	+	Act	FALSE	4	BLCA,BRCA,COREAD,ST	4
Gtf2i	chr12	27970000	28050000	-1.0411	loss	28037344	28037344	0.115269572135785	204	28035344	28039344	typical	loss	het_loss	GTF2I	GTF2I	NC_086030.1	28037344	28112677	+	Act	FALSE	2	AN,THYM	2
H3f3a	chr13	87090000	109345143	0.4249	gain	95076695	95076695	0.104833987516891	239	95074695	95078695	hypo	gain	amp+hypo (activation)	H3F3A	H3F3A	NC_086031.1	95065085	95076695	-	Act	FALSE	2	HGG,PIA	3
Hgf	chr4	15050000	21710000	0.0654	neutral	19700467	19700467	0.567382424771042	46	19698467	19702467	typical	neutral	none	HGF	HGF	NC_086022.1	19628902	19700467	-	Act	FALSE	1	BC	1
Hip1	chr12	24510000	27170000	-0.4937	loss	26769868	26769868	0.207065075590284	140	26767868	26771868	typical	loss	het_loss	HIP1	HIP1	NC_086030.1	26769868	26904367	+	Act	FALSE	2	MBL,UCS	2
Hist1h3b	chr17	46390000	50270000	0.0119	neutral	47419196	47419196	0.214239647289353	78	47417196	47421196	typical	neutral	none	HIST1H3B	HIST1H3B	NC_086035.1	47419196	47419668	+	Act	FALSE	3	BLCA,BRCA,ESCA	3
Hoxc13	chr7	135490000	136710000	0.1203	neutral	135937126	135937126	0.401566775599129	164	135935126	135939126	typical	neutral	none	HOXC13	HOXC13	NC_086025.1	135937126	135943962	+	Act	FALSE	1	BRCA	1
Hras	chr1	161350000	210610000	-0.1496	neutral	205729406	205729406	0.121563207698476	184	205727406	205731406	typical	neutral	none	HRAS	HRAS	NC_086019.1	205712625	205729406	-	Act	FALSE	12	BLCA,BRCA,CM,COREAD,HNSC,LUSC,PCPG,PRAD,SSCC,THCA,THYM,VV	20
Hsp90aa1	chr6	134550000	138530000	-0.4283	loss	135529687	135529687	0.191840837004405	170	135527687	135531687	typical	loss	het_loss	HSP90AA1	HSP90AA1	NC_086024.1	135523604	135529687	-	Act	FALSE	2	BRCA,THCA	2
Hsp90ab1	chr9	16350000	44630000	-0.0758	neutral	22930249	22930249	0.102681362148003	170	22928249	22932249	hypo	neutral	promoter_hypo_only	HSP90AB1	HSP90AB1	NC_086027.1	22930249	22935929	+	Act	FALSE	1	CM	1
Idh2	chr1	142970000	145630000	-0.2364	neutral	143467248	143467248	0.147183961485557	118	143465248	143469248	typical	neutral	none	IDH2	IDH2	NC_086019.1	143447925	143467248	-	Act	FALSE	5	AML,BLCA,CH,LGG,OS	8
Jak3	chr16	11210000	20330000	-0.1623	neutral	18418807	18418807	0.393427471775574	88	18416807	18420807	typical	neutral	none	JAK3	JAK3	NC_086034.1	18418807	18432515	+	Act	FALSE	1	ALL	1
Kat6b	chr15	10000	2890000	-0.1335	neutral	2861443	2861443	0.0828798926462695	220	2859443	2863443	hypo	neutral	promoter_hypo_only	KAT6B	KAT6B	NC_086033.1	2688535	2861443	-	Act	FALSE	3	BRCA,MBL,PRAD	3
Kdm5a	chr4	154630000	160570000	-0.2723	neutral	155238124	155238124	0.109578971962617	132	155236124	155240124	hypo	neutral	promoter_hypo_only	KDM5A	KDM5A	NC_086022.1	155238124	155316121	+	Act	FALSE	1	CM	1
Kdr	chr14	30070000	40910000	-0.0713	neutral	32572031	32572031	0.375000406137184	114	32570031	32574031	typical	neutral	none	KDR	KDR	NC_086032.1	32572031	32615204	+	Act	FALSE	7	ANGS,CLL,DLBCL,LUAD,PAIS,SBCC,SSCC	8
Kel	chr4	63010000	71890000	-0.062	neutral	71552297	71552297	0.471442088091354	13	71550297	71554297	typical	neutral	none	KEL	KEL	NC_086022.1	71534882	71552297	-	Act	FALSE	1	LGG	1
Kif5b	chr17	52450000	70730000	-0.0057	neutral	56185386	56185386	0.116720236951649	102	56183386	56187386	typical	neutral	none	KIF5B	KIF5B	NC_086035.1	56185386	56222990	+	Act	FALSE	1	HNSC	1
Kifc1	chr20	2550000	5050000	-0.3659	neutral	5000929	5000929	0.221083743613562	128	4998929	5002929	typical	neutral	none	KIFC1	KIFC1	NC_086038.1	5000929	5018967	+	Act	FALSE	1	UCEC	1
Kit	chr14	30070000	40910000	-0.0713	neutral	32978895	32978895	0.29495056200145	164	32976895	32980895	typical	neutral	none	KIT	KIT	NC_086032.1	32901615	32978895	-	Act	FALSE	6	AML,CM,LGG,MGCT,OS,ST	10
Klf4	chr5	68610000	80590000	-0.0719	neutral	75079182	75079182	0.161432526782416	270	75077182	75081182	typical	neutral	none	KLF4	KLF4	NC_086023.1	75074107	75079182	-	Act	FALSE	3	ALL,BRCA,NSCLC	4
Ldb1	chr1	248250000	257170000	0.3605	neutral	254838931	254838931	0.137996458303937	137	254836931	254840931	typical	neutral	none	LDB1	LDB1	NC_086019.1	254813161	254838931	-	Act	FALSE	2	MBL,PIA	3
Lifr	chr2	54090000	78870000	0.044	neutral	57951787	57951787	0.19834454189718	179	57949787	57953787	typical	neutral	none	LIFR	LIFR	NC_086020.1	57951787	58020357	+	Act	FALSE	1	SCLC	1
Lpp	chr11	89910000	99150000	0.0619	neutral	89933973	89933973	0.862632747395833	43	89931973	89935973	typical	neutral	none	LPP	LPP	NC_086029.1	89292060	89933973	-	Act	FALSE	2	HNSC,UCS	2
Ltb	chr20	2550000	5050000	-0.3659	neutral	3634054	3634054	0.301950253378379	107	3632054	3636054	typical	neutral	none	LTB	LTB	NC_086038.1	3632209	3634054	-	Act	FALSE	1	LY	1
Map2k1	chr8	64010000	78330000	-0.1382	neutral	73650184	73650184	0.160057150092858	127	73648184	73652184	typical	neutral	none	MAP2K1	MAP2K1	NC_086026.1	73578747	73650184	-	Act	FALSE	6	BLCA,CM,COREAD,DLBCL,LUAD,NSCLC	8
Max	chr6	92070000	105070000	-0.0783	neutral	101395333	101395333	0.177027597402597	155	101393333	101397333	typical	neutral	none	MAX	MAX	NC_086024.1	101369989	101395333	-	Act	FALSE	7	BRCA,LGG,MBL,MM,PIA,RCCC,UCEC	8
Mdm2	chr7	29810000	55350000	-0.0011	neutral	55201757	55201757	0.178861770129072	136	55199757	55203757	typical	neutral	none	MDM2	MDM2	NC_086025.1	55176558	55201757	-	Act	FALSE	1	LEIS	1
Mdm4	chr13	31770000	53850000	0.3737	neutral	47068241	47068241	0.845564750957855	76	47066241	47070241	typical	neutral	none	MDM4	MDM4	NC_086031.1	46922236	47068241	-	Act	FALSE	1	BRCA	1
Mecom	chr2	109490000	133750000	-0.018	neutral	114837815	114837815	0.177228407178912	193	114835815	114839815	typical	neutral	none	MECOM	MECOM	NC_086020.1	114837815	115393052	+	Act	FALSE	6	BLCA,CM,DLBCL,PRAD,SBCC,UCEC	7
Med12	chrX	56890000	85810000	-0.0364	neutral	70444615	70444615	0.335704908946952	79	70442615	70446615	typical	neutral	none	MED12	MED12	NC_086039.1	70444615	70467780	+	Act	FALSE	7	CESC,CLL,GBM,LGG,NB,OS,PRAD	11
Met	chr4	31330000	57990000	0.0213	neutral	46756823	46756823	0.244525440103049	142	46754823	46758823	typical	neutral	none	MET	MET	NC_086022.1	46756823	46864041	+	Act	FALSE	3	LGG,RCCC,RPC	3
Mllt1	chr9	910000	2810000	-0.5427	loss	1863091	1863091	0.161526140567201	122	1861091	1865091	typical	loss	het_loss	MLLT1	MLLT1	NC_086027.1	1818204	1863091	-	Act	FALSE	1	WT	1
Mllt3	chr5	90510000	108230000	0.0434	neutral	107561352	107561352	0.0548988385598142	240	107559352	107563352	hypo	neutral	promoter_hypo_only	MLLT3	MLLT3	NC_086023.1	107305008	107561352	-	Act	FALSE	1	CM	1
Mtcp1	chr18	10000	2370000	0.0582	neutral	142416	142416	0.625581688332531	216	140416	144416	typical	neutral	none	MTCP1	MTCP1	NC_086036.1	142416	144482	+	Act	FALSE	1	COREAD	1
Myc	chr7	95110000	95590000	-0.4244	loss	95483105	95483105	0.0698178707224335	208	95481105	95485105	hypo	loss	het_loss	MYC	MYC	NC_086025.1	95483105	95488031	+	Act	FALSE	4	AML,BLY,LY,NHLY	4
Mycn	chr6	37270000	42050000	-0.026	neutral	41452584	41452584	0.17219736549754	184	41450584	41454584	typical	neutral	none	MYCN	MYCN	NC_086024.1	41446683	41452584	-	Act	FALSE	6	GBM,MBL,NB,PIA,SBCC,UCEC	8
Myd88	chr8	127850000	132781218	-0.2112	neutral	127956230	127956230	0.20355955865796	177	127954230	127958230	typical	neutral	none	MYD88	MYD88	NC_086026.1	127952161	127956230	-	Act	FALSE	3	CLL,DLBCL,NHLY	8
Myh11	chr10	570000	5810000	-0.1216	neutral	1250554	1250554	0.896278180889116	65	1248554	1252554	hyper	neutral	promoter_hyper_only	MYH11	MYH11	NC_086028.1	1250554	1345681	+	Act	FALSE	6	AML,BRCA,LGG,NSPH,PRAD,SBCC	7
Myh9	chr7	95610000	111810000	0.0859	neutral	111304963	111304963	0.0562394858909934	167	111302963	111306963	hypo	neutral	promoter_hypo_only	MYH9	MYH9	NC_086025.1	111224291	111304963	-	Act	FALSE	7	BRCA,COREAD,ESCA,HNSC,OV,SBCC,ST	8
Ncoa2	chr5	5610000	26610000	-0.0116	neutral	10618712	10618712	0.0725736616702357	276	10616712	10620712	hypo	neutral	promoter_hypo_only	NCOA2	NCOA2	NC_086023.1	10618712	10852776	+	Act	FALSE	2	LUAD,LUSC	2
Nktr	chr8	127850000	132781218	-0.2112	neutral	130255541	130255541	0.847607759699625	51	130253541	130257541	typical	neutral	none	NKTR	NKTR	NC_086026.1	130255541	130298001	+	Act	FALSE	1	AML	1
Nrg1	chr16	65050000	73170000	-0.0386	neutral	65954084	65954084	0.234919481302775	174	65952084	65956084	typical	neutral	none	NRG1	NRG1	NC_086034.1	65954084	67007484	+	Act	FALSE	1	ST	1
Nrk	chrX	103490000	109490000	-0.0281	neutral	107159154	107159154	0.558484582480937	121	107157154	107161154	typical	neutral	none	NRK	NRK	NC_086039.1	107159154	107256417	+	Act	FALSE	1	LUSC	1
Nsd1	chr17	10000	11450000	-0.1793	neutral	9431528	9431528	0.22756342509832	210	9429528	9433528	typical	neutral	none	NSD1	NSD1	NC_086035.1	9317085	9431528	-	Act	FALSE	7	CESC,ESCA,HNSC,LUSC,ST,UCEC,UCS	10
Ntrk1	chr2	154310000	178710000	-0.0152	neutral	175551664	175551664	0.238975792730085	149	175549664	175553664	typical	neutral	none	NTRK1	NTRK1	NC_086020.1	175534844	175551664	-	Act	FALSE	1	BRCA	1
Ntrk3	chr1	138910000	142470000	-0.0885	neutral	141913575	141913575	0.879560572139304	195	141911575	141915575	hyper	neutral	promoter_hyper_only	NTRK3	NTRK3	NC_086019.1	141526192	141913575	-	Act	FALSE	2	ESCA,ST	2
Numa1	chr1	161350000	210610000	-0.1496	neutral	165709893	165709893	0.177988380108321	88	165707893	165711893	typical	neutral	none	NUMA1	NUMA1	NC_086019.1	165709893	165784848	+	Act	FALSE	1	BRCA	1
Nup214	chr3	35230000	41250000	-0.0107	neutral	35652841	35652841	0.155669034917556	86	35650841	35654841	typical	neutral	none	NUP214	NUP214	NC_086021.1	35652841	35738323	+	Act	FALSE	3	BCNET,MM,RPC	3
Nxf1	chr1	210690000	238550000	-0.0429	neutral	215084563	215084563	0.19629009613235	121	215082563	215086563	typical	neutral	none	NXF1	NXF1	NC_086019.1	215084563	215097756	+	Act	FALSE	1	CLL	2
Pak2	chr11	78050000	83630000	-0.0303	neutral	82212896	82212896	0.08647574990261	104	82210896	82214896	hypo	neutral	promoter_hypo_only	PAK2	PAK2	NC_086029.1	82212896	82273803	+	Act	FALSE	1	THCA	1
Pcbp1	chr4	115250000	123930000	-0.167	neutral	120532107	120532107	0.0561945043103448	225	120530107	120534107	hypo	neutral	promoter_hypo_only	PCBP1	PCBP1	NC_086022.1	120530100	120532107	-	Act	FALSE	2	COREAD,PAAD	4
Pdcd1lg2	chr1	210690000	238550000	-0.0429	neutral	236572497	236572497	0.844124595469256	56	236570497	236574497	typical	neutral	none	PDCD1LG2	PDCD1LG2	NC_086019.1	236572497	236637490	+	Act	FALSE	1	CM	1
Pde4dip	chr2	184570000	191510000	0.4516	gain	188178937	188178937	0.879527746319365	101	188176937	188180937	hyper	gain	amplification	PDE4DIP	PDE4DIP	NC_086020.1	187982002	188178937	-	Act	FALSE	1	THCA	1
Pdgfra	chr14	30070000	40910000	-0.0713	neutral	33408604	33408604	0.347288635514019	163	33406604	33410604	typical	neutral	none	PDGFRA	PDGFRA	NC_086032.1	33360027	33408604	-	Act	FALSE	5	GBM,HGG,LGG,LUSC,PIA	7
Pdgfrb	chr18	56010000	60270000	-0.1195	neutral	56770348	56770348	0.445484929906542	83	56768348	56772348	typical	neutral	none	PDGFRB	PDGFRB	NC_086036.1	56770348	56809228	+	Act	FALSE	2	BRCA,UCS	2
Peg3	chr1	75470000	77750000	-0.0844	neutral	76130965	76130965	0.505140632192727	142	76128965	76132965	typical	neutral	none	PEG3	PEG3	NC_086019.1	76130965	76157774	+	Act	FALSE	1	PAAD	1
Pik3cb	chr8	105630000	108830000	-0.1616	neutral	108579140	108579140	0.169942974928487	183	108577140	108581140	typical	neutral	none	PIK3CB	PIK3CB	NC_086026.1	108474017	108579140	-	Act	FALSE	3	BLCA,GBM,PRAD	5
Plag1	chr5	5610000	26610000	-0.0116	neutral	21754325	21754325	0.090129499014625	193	21752325	21756325	hypo	neutral	promoter_hypo_only	PLAG1	PLAG1	NC_086023.1	21699650	21754325	-	Act	FALSE	1	BRCA	1
Plcg1	chr3	166010000	174050000	-0.093	neutral	169805299	169805299	0.159960341314315	185	169803299	169807299	typical	neutral	none	PLCG1	PLCG1	NC_086021.1	169805299	169836040	+	Act	FALSE	3	ANGS,BC,LGG	4
Pold1	chr1	97890000	109270000	-0.2994	neutral	104178074	104178074	0.410725883694413	121	104176074	104180074	typical	neutral	none	POLD1	POLD1	NC_086019.1	104161984	104178074	-	Act	FALSE	1	BRCA	1
Ppp2r1a	chr1	69050000	70470000	-0.0059	neutral	69213198	69213198	0.0661790196690602	99	69211198	69215198	hypo	neutral	promoter_hypo_only	PPP2R1A	PPP2R1A	NC_086019.1	69213198	69232441	+	Act	FALSE	7	ACY,COREAD,OV,THCA,UCEC,UCS,UVM	9
Ppt2	chr20	2550000	5050000	-0.3659	neutral	4117088	4117088	0.921166473029046	74	4115088	4119088	hyper	neutral	promoter_hyper_only	PPT2	PPT2	NC_086038.1	4117088	4137382	+	Act	FALSE	1	BLCA	1
Prex2	chr5	5610000	26610000	-0.0116	neutral	13036077	13036077	0.355960324296934	106	13034077	13038077	typical	neutral	none	PREX2	PREX2	NC_086023.1	12720683	13036077	-	Act	FALSE	6	BLCA,BRCA,CM,DLBCL,ESCA,PRAD	8
Prkcb	chr1	161350000	210610000	-0.1496	neutral	186263397	186263397	0.841985921926911	149	186261397	186265397	typical	neutral	none	PRKCB	PRKCB	NC_086019.1	186263397	186594743	+	Act	FALSE	5	CM,DLBCL,HNSC,LUSC,ST	5
Prrx1	chr13	72330000	85850000	0.5801	gain	78205379	78205379	0.159158219178082	118	78203379	78207379	typical	gain	amplification	PRRX1	PRRX1	NC_086031.1	78136783	78205379	-	Act	FALSE	1	ST	1
Psip1	chr5	90510000	108230000	0.0434	neutral	102925191	102925191	0.153773875470862	151	102923191	102927191	typical	neutral	none	PSIP1	PSIP1	NC_086023.1	102892929	102925191	-	Act	FALSE	1	BLCA	1
Ptpn11	chr12	37070000	41730000	-0.4441	loss	41026079	41026079	0.246565766715882	144	41024079	41028079	typical	loss	het_loss	PTPN11	PTPN11	NC_086030.1	41026079	41085577	+	Act	FALSE	9	ALL,AML,CLL,COREAD,GBM,LGG,MM,NB,PIA	14
Ptprc	chr13	31770000	53850000	0.3737	neutral	52259810	52259810	0.862922929736512	44	52257810	52261810	typical	neutral	none	PTPRC	PTPRC	NC_086031.1	52147717	52259810	-	Act	FALSE	3	AN,CM,COREAD	3
Ptprd	chr5	90510000	108230000	0.0434	neutral	97415498	97415498	0.313086061381074	110	97413498	97417498	typical	neutral	none	PTPRD	PTPRD	NC_086023.1	95093221	97415498	-	Act	FALSE	8	BCNET,BRCA,CM,DLBCL,ESCA,NSCLC,PRAD,VV	10
Rac1	chr12	14610000	21010000	-0.5066	loss	16150411	16150411	0.132428693907333	143	16148411	16152411	typical	loss	het_loss	RAC1	RAC1	NC_086030.1	16150411	16170864	+	Act	FALSE	2	CM,HNSC	4
Raf1	chr4	149350000	153010000	-0.1586	neutral	150412813	150412813	0.12598495412844	148	150410813	150414813	typical	neutral	none	RAF1	RAF1	NC_086022.1	150352158	150412813	-	Act	FALSE	2	BLCA,CM	2
Ralgds	chr16	11210000	20330000	-0.1623	neutral	11422002	11422002	0.37807807606264	10	11420002	11424002	typical	neutral	none	RALGDS	RALGDS	NC_086021.1	32237644	32278045	+	Act	FALSE	1	SSCC	1
Ralgds	chr3	20030000	35050000	0.0134	neutral	32237644	32237644	0.178202232486528	137	32235644	32239644	typical	neutral	none	RALGDS	RALGDS	NC_086021.1	32237644	32278045	+	Act	FALSE	1	SSCC	1
Rap1gds1	chr2	230170000	233430000	0.0937	neutral	230318555	230318555	0.143121078272166	213	230316555	230320555	typical	neutral	none	RAP1GDS1	RAP1GDS1	NC_086020.1	230173713	230318555	-	Act	FALSE	2	ESCA,RCCC	2
Rara	chr10	83590000	85130000	-0.2135	neutral	84379780	84379780	0.626513255813953	78	84377780	84381780	typical	neutral	none	RARA	RARA	NC_086028.1	84379780	84424371	+	Act	FALSE	1	BC	1
Rbfox1	chr10	7470000	12330000	-0.2734	neutral	10754648	10754648	0.299767660728118	73	10752648	10756648	typical	neutral	none	RBFOX1	RBFOX1	NC_086028.1	8658809	10754648	-	Act	FALSE	1	PRAD	1
Rbfox2	chr7	95610000	111810000	0.0859	neutral	110934901	110934901	0.138339897355796	174	110932901	110936901	typical	neutral	none	RBFOX2	RBFOX2	NC_086025.1	110691230	110934901	-	Act	FALSE	1	THCA	1
Rbm39	chr3	157390000	165910000	-0.0256	neutral	165156453	165156453	0.132808965517241	112	165154453	165158453	typical	neutral	none	RBM39	RBM39	NC_086021.1	165123087	165156453	-	Act	FALSE	1	UCEC	1
Rela	chr1	210690000	238550000	-0.0429	neutral	212354336	212354336	0.207490239172592	149	212352336	212356336	typical	neutral	none	RELA	RELA	NC_086019.1	212354336	212364815	+	Act	FALSE	1	ST	1
Ret	chr4	153030000	154610000	-1.2945	loss	153040556	153040556	0.80839995843724	166	153038556	153042556	typical	loss	het_loss	RET	RET	NC_086022.1	152998344	153040556	-	Act	FALSE	5	CM,LUAD,PCPG,S,THCA	5
Rhoa	chr8	117430000	123490000	-0.2127	neutral	117870548	117870548	0.0721269917203311	155	117868548	117872548	hypo	neutral	promoter_hypo_only	RHOA	RHOA	NC_086026.1	117870548	117904303	+	Act	FALSE	8	BLCA,BLY,DLBCL,HNSC,LY,NHLY,PRAD,ST	10
Rnf213	chr10	85210000	107290000	-0.3096	neutral	105154873	105154873	0.352293159609121	135	105152873	105156873	typical	neutral	none	RNF213	RNF213	NC_086028.1	105154873	105254148	+	Act	FALSE	7	BLCA,ESCA,LUSC,MBL,PRAD,SBCC,UCEC	7
Rragc	chr5	139710000	159130000	-0.4289	loss	141433014	141433014	0.188909303758472	136	141431014	141435014	typical	loss	het_loss	RRAGC	RRAGC	NC_086023.1	141433014	141452546	+	Act	FALSE	1	NHLY	1
Rras2	chr1	161350000	210610000	-0.1496	neutral	177737551	177737551	0.125516157480315	170	177735551	177739551	typical	neutral	none	RRAS2	RRAS2	NC_086019.1	177668143	177737551	-	Act	FALSE	1	UCEC	1
Sall4	chr3	175950000	184150000	-0.2792	neutral	177909743	177909743	0.136112433598937	180	177907743	177911743	typical	neutral	none	SALL4	SALL4	NC_086021.1	177891705	177909743	-	Act	FALSE	3	BRCA,CLL,LUSC	3
Satb1	chr9	3350000	6950000	-0.0795	neutral	5010359	5010359	0.240616484830369	205	5008359	5012359	typical	neutral	none	SATB1	SATB1	NC_086027.1	4916958	5010359	-	Act	FALSE	1	BC	1
Set	chr3	20030000	35050000	0.0134	neutral	33732319	33732319	0.188716112012987	126	33730319	33734319	typical	neutral	none	SET	SET	NC_086021.1	33732319	33743433	+	Act	FALSE	1	SCLC	1
Setbp1	chr18	69570000	83910000	-0.1875	neutral	74827455	74827455	0.166084739530133	245	74825455	74829455	typical	neutral	none	SETBP1	SETBP1	NC_086036.1	74465616	74827455	-	Act	FALSE	4	ACC,PCPG,RCCC,THCA	4
Sf3b1	chr9	44770000	94510000	-0.0019	neutral	64026723	64026723	0.148531172219992	110	64024723	64028723	typical	neutral	none	SF3B1	SF3B1	NC_086027.1	63986829	64026723	-	Act	FALSE	13	AML,BLCA,BRCA,CH,CLL,CM,LNET,MBL,PAAD,PRAD,RCCC,THYM,UVM	23
Sfmbt2	chr17	70890000	76350000	-0.119	neutral	73038599	73038599	0.405993757309942	191	73036599	73040599	typical	neutral	none	SFMBT2	SFMBT2	NC_086035.1	72844037	73038599	-	Act	FALSE	1	MBL	1
Sin3a	chr8	64010000	78330000	-0.1382	neutral	66377471	66377471	0.0990202145214519	169	66375471	66379471	hypo	neutral	promoter_hypo_only	SIN3A	SIN3A	NC_086026.1	66377471	66432150	+	Act	FALSE	1	NHLY	1
Smc1a	chrX	20810000	37070000	-0.1035	neutral	24582732	24582732	0.450342618629174	101	24580732	24584732	typical	neutral	none	SMC1A	SMC1A	NC_086039.1	24582732	24627462	+	Act	FALSE	1	AML	2
Smo	chr4	58210000	62850000	-0.142	neutral	59311084	59311084	0.0771414016489988	131	59309084	59313084	hypo	neutral	promoter_hypo_only	SMO	SMO	NC_086022.1	59311084	59341280	+	Act	FALSE	5	GBM,MBL,MESO,PIA,SBCC	9
Sohlh2	chr2	135690000	151070000	-0.0268	neutral	141512410	141512410	0.807318731358123	99	141510410	141514410	typical	neutral	none	SOHLH2	SOHLH2	NC_086020.1	141512410	141534864	+	Act	FALSE	1	ST	1
Sos1	chr6	5810000	28810000	0.03	neutral	20286117	20286117	0.160552908091525	184	20284117	20288117	typical	neutral	none	SOS1	SOS1	NC_086024.1	20286117	20363350	+	Act	FALSE	1	UCEC	1
Sox17	chr5	5610000	26610000	-0.0116	neutral	19814345	19814345	0.288387286758733	113	19812345	19816345	typical	neutral	none	SOX17	SOX17	NC_086023.1	19814345	19819859	+	Act	FALSE	1	UCEC	1
Spop	chr10	80710000	80930000	0.0962	neutral	80854890	80854890	0.164052069661787	103	80852890	80856890	typical	neutral	none	SPOP	SPOP	NC_086028.1	80854890	80935781	+	Act	FALSE	4	NHLY,PRAD,UCEC,UCS	14
Srgap3	chr4	145350000	149210000	-0.169	neutral	147626407	147626407	0.580321052631579	64	147624407	147628407	typical	neutral	none	SRGAP3	SRGAP3	NC_086022.1	147391082	147626407	-	Act	FALSE	2	CM,MESO	2
Srsf2	chr10	85210000	107290000	-0.3096	neutral	102554200	102554200	0.0730043367160693	258	102552200	102556200	hypo	neutral	promoter_hypo_only	SRSF2	SRSF2	NC_086028.1	102550962	102554200	-	Act	FALSE	2	AML,CESC	2
Stat6	chr7	65230000	65630000	-0.4722	loss	65365505	65365505	0.121517472793229	102	65363505	65367505	typical	loss	het_loss	STAT6	STAT6	NC_086025.1	65365505	65382825	+	Act	FALSE	2	DLBCL,NHLY	3
Susd2	chr20	5290000	25870000	-0.2982	neutral	13016960	13016960	0.813550176856999	76	13014960	13018960	typical	neutral	none	SUSD2	SUSD2	NC_086038.1	13016960	13024264	+	Act	FALSE	1	LUSC	1
Suz12	chr10	65010000	79790000	-0.1331	neutral	65464948	65464948	0.118853762023982	165	65462948	65466948	typical	neutral	none	SUZ12	SUZ12	NC_086028.1	65464948	65510846	+	Act	FALSE	2	AML,PRAD	3
Tcf4	chr18	63230000	66050000	-1.0789	loss	65216840	65216840	0.168548983280615	139	65214840	65218840	typical	loss	het_loss	TCF4	TCF4	NC_086036.1	65216840	65563186	+	Act	FALSE	2	MBL,PIA	2
Tcf7l2	chr1	260530000	270390000	0.2014	neutral	264791335	264791335	0.126677576711251	207	264789335	264793335	typical	neutral	none	TCF7L2	TCF7L2	NC_086019.1	264791335	264984225	+	Act	FALSE	2	COREAD,UCEC	6
Tll1	chr16	25270000	32690000	-0.0235	neutral	30275492	30275492	0.180868225015328	144	30273492	30277492	typical	neutral	none	TLL1	TLL1	NC_086034.1	30275492	30476673	+	Act	FALSE	1	ESCA	1
Top2a	chr10	83590000	85130000	-0.2135	neutral	84473093	84473093	0.282236879000305	90	84471093	84475093	typical	neutral	none	TOP2A	TOP2A	NC_086028.1	84441954	84473093	-	Act	FALSE	1	ST	1
Trim24	chr4	63010000	71890000	-0.062	neutral	67534240	67534240	0.133110946094609	175	67532240	67536240	typical	neutral	none	TRIM24	TRIM24	NC_086022.1	67534240	67659014	+	Act	FALSE	1	PRAD	1
Trip11	chr6	126290000	127470000	-0.1637	neutral	126832619	126832619	0.223855461047748	107	126830619	126834619	typical	neutral	none	TRIP11	TRIP11	NC_086024.1	126760263	126832619	-	Act	FALSE	1	BLCA	1
U2af1	chr20	5290000	25870000	-0.2982	neutral	9755146	9755146	0.15415288378144	137	9753146	9757146	typical	neutral	none	U2AF1	U2AF1	NC_086038.1	9744206	9755146	-	Act	FALSE	7	AML,LUAD,NSCLC,PAAD,PRAD,UCEC,UCS	11
U2af2	chr1	77770000	77990000	-0.6782	loss	77807307	77807307	0.041398754311997	205	77805307	77809307	hypo	loss	het_loss	U2AF2	U2AF2	NC_086019.1	77789752	77807307	-	Act	FALSE	1	AML	1
Ube2d2	chr18	26990000	30130000	-0.0042	neutral	27638399	27638399	0.129259028857785	161	27636399	27640399	typical	neutral	none	UBE2D2	UBE2D2	NC_086036.1	27638399	27680386	+	Act	FALSE	1	MBL	1
Vav1	chr9	910000	2810000	-0.5427	loss	2248856	2248856	0.657251965601966	63	2246856	2250856	typical	loss	het_loss	VAV1	VAV1	NC_086027.1	2248856	2295905	+	Act	FALSE	1	PAAD	1
Xpo1	chr14	80590000	109084928	-0.0588	neutral	101434450	101434450	0.0912068907279177	193	101432450	101436450	hypo	neutral	promoter_hypo_only	XPO1	XPO1	NC_086032.1	101434450	101476705	+	Act	FALSE	4	CLL,DLBCL,NHLY,PRAD	8
Zbtb20	chr11	58230000	77950000	0.2027	neutral	71297039	71297039	0.700359453032105	21	71295039	71299039	typical	neutral	none	ZBTB20	ZBTB20	NC_086029.1	70558010	71297039	-	Act	FALSE	1	LGG	1
Zbtb7b	chr2	154310000	178710000	-0.0152	neutral	177111894	177111894	0.142738222097588	107	177109894	177113894	typical	neutral	none	ZBTB7B	ZBTB7B	NC_086020.1	177093569	177111894	-	Act	FALSE	1	UCS	1
Ajuba	chr15	30430000	37510000	-0.0478	neutral	32000042	32000042	0.08813978868143	214	31998042	32002042	hypo	neutral	promoter_hypo_only	AJUBA	AJUBA	NC_086033.1	31989796	32000042	-	LoF	FALSE	1	HNSC	1
Amer1	chrX	56890000	85810000	-0.0364	neutral	64326377	64326377	0.543875219976219	106	64324377	64328377	typical	neutral	none	AMER1	AMER1	NC_086039.1	64310492	64326377	-	LoF	FALSE	2	COREAD,WT	6
Arhgap35	chr1	85710000	86930000	-0.3919	neutral	86447414	86447414	0.0788226487523993	201	86445414	86449414	hypo	neutral	promoter_hypo_only	ARHGAP35	ARHGAP35	NC_086019.1	86330566	86447414	-	LoF	FALSE	2	LUSC,UCEC	2
Arhgap5	chr6	59910000	91830000	0.0568	neutral	75711199	75711199	0.0775775301320068	222	75709199	75713199	hypo	neutral	promoter_hypo_only	ARHGAP5	ARHGAP5	NC_086024.1	75711199	75774636	+	LoF	FALSE	2	BLCA,MM	4
Arhgef10l	chr5	139710000	159130000	-0.4289	loss	158218358	158218358	0.14531049445005	98	158216358	158220358	typical	loss	het_loss	ARHGEF10L	ARHGEF10L	NC_086023.1	158075370	158218358	-	LoF	FALSE	3	MBL,SBCC,ST	3
Asxl1	chr3	157390000	165910000	-0.0256	neutral	162273828	162273828	0.08173758066557	156	162271828	162275828	hypo	neutral	promoter_hypo_only	ASXL1	ASXL1	NC_086021.1	162273828	162341742	+	LoF	FALSE	11	ALL,AML,BRCA,CLL,ESCA,HGG,HNSC,MBL,PIA,PRAD,RCCC	14
Asxl2	chr6	28870000	32950000	-0.1915	neutral	32090497	32090497	0.751935368217054	29	32088497	32092497	typical	neutral	none	ASXL2	ASXL2	NC_086024.1	32090497	32234487	+	LoF	FALSE	2	AML,BLCA	2
Atf7ip	chr4	168250000	184390000	-0.2145	neutral	171117122	171117122	0.280073096129838	102	171115122	171119122	typical	neutral	none	ATF7IP	ATF7IP	NC_086022.1	171117122	171202871	+	LoF	FALSE	2	LUAD,UCEC	2
Atg7	chr4	149350000	153010000	-0.1586	neutral	149390000	149390000	0.294620373763283	61	149388000	149392000	typical	neutral	none	ATG7	ATG7	NC_086022.1	149390000	149597534	+	LoF	FALSE	1	RCCC	1
Atr	chr8	104790000	105510000	0.0773	neutral	105306299	105306299	0.256781929430961	110	105304299	105308299	typical	neutral	none	ATR	ATR	NC_086026.1	105306299	105403742	+	LoF	FALSE	2	CM,UCEC	2
Atrx	chrX	56890000	85810000	-0.0364	neutral	75062880	75062880	0.580829956308029	135	75060880	75064880	typical	neutral	none	ATRX	ATRX	NC_086039.1	74916548	75062880	-	LoF	FALSE	12	ACC,CLL,GBM,HGG,LEIS,LGG,NB,OS,OV,PAIS,PIA,S	21
B2m	chr3	126370000	129830000	0.1555	neutral	129549236	129549236	0.274057262863143	81	129547236	129551236	typical	neutral	none	B2M	B2M	NC_086021.1	129549236	129555354	+	LoF	FALSE	6	CESC,DLBCL,HNSC,LY,NHLY,NSCLC	8
Bcor	chrX	4710000	16630000	-0.1155	neutral	13282431	13282431	0.194615365287978	182	13280431	13284431	typical	neutral	none	BCOR	BCOR	NC_086039.1	13282431	13402254	+	LoF	FALSE	14	ACC,ALL,AML,CH,CLL,COREAD,EWS,GBM,MBL,PIA,ST,THYM,UCEC,UCS	17
Bcorl1	chrX	125490000	135290000	-0.0306	neutral	132394703	132394703	0.484923920756949	213	132392703	132396703	typical	neutral	none	BCORL1	BCORL1	NC_086039.1	132394703	132462414	+	LoF	FALSE	5	COREAD,HGG,NB,OS,PAAD	6
Bmpr1a	chr16	8650000	11110000	-0.1985	neutral	9786861	9786861	0.819636071032187	45	9784861	9788861	typical	neutral	none	BMPR1A	BMPR1A	NC_086034.1	9740751	9786861	-	LoF	FALSE	2	COREAD,ST	2
Bmpr2	chr9	44770000	94510000	-0.0019	neutral	68685942	68685942	0.0871151515151515	224	68683942	68687942	hypo	neutral	promoter_hypo_only	BMPR2	BMPR2	NC_086027.1	68685942	68801353	+	LoF	FALSE	1	ST	1
Brca1	chr10	85210000	107290000	-0.3096	neutral	86978012	86978012	0.152243037749288	117	86976012	86980012	typical	neutral	none	BRCA1	BRCA1	NC_086028.1	86917693	86978012	-	LoF	FALSE	2	BRCA,OV	4
Brca2	chr12	2650000	5910000	-0.1468	neutral	4895092	4895092	0.328478298501161	99	4893092	4897092	typical	neutral	none	BRCA2	BRCA2	NC_086030.1	4895092	4939340	+	LoF	FALSE	10	BLCA,BRCA,CM,COREAD,HNSC,MBL,OV,PAAD,PRAD,VV	15
Casp8	chr9	44770000	94510000	-0.0019	neutral	67747109	67747109	0.810688235294118	38	67745109	67749109	typical	neutral	none	CASP8	CASP8	NC_086027.1	67747109	67806699	+	LoF	FALSE	7	BLCA,BRCA,CESC,HNSC,SBCC,ST,VV	11
Casz1	chr5	164470000	164590000	-1.0544	loss	164527083	164527083	0.197221573163679	197	164525083	164529083	typical	loss	het_loss	CASZ1	CASZ1	NC_086023.1	164527083	164677037	+	LoF	FALSE	1	PRAD	1
Ccdc6	chr20	5290000	25870000	-0.2982	neutral	18527227	18527227	0.12478846370287	223	18525227	18529227	typical	neutral	none	CCDC6	CCDC6	NC_086038.1	18431243	18527227	-	LoF	FALSE	1	COREAD	1
Ccr7	chr10	83590000	85130000	-0.2135	neutral	84604514	84604514	0.810032074408117	50	84602514	84606514	typical	neutral	none	CCR7	CCR7	NC_086028.1	84594399	84604514	-	LoF	FALSE	1	DLBCL	1
Cdc73	chr13	53910000	71930000	0.5636	gain	58000031	58000031	0.119538515835423	151	57998031	58002031	typical	gain	amplification	CDC73	CDC73	NC_086031.1	57897924	58000031	-	LoF	FALSE	1	LUAD	1
Cdh1	chr19	47230000	53370000	-0.0944	neutral	51402178	51402178	0.805958139534883	115	51400178	51404178	typical	neutral	none	CDH1	CDH1	NC_086037.1	51402178	51471572	+	LoF	FALSE	5	BLCA,BRCA,DLBCL,SSCC,ST	17
Cdk12	chr10	83590000	85130000	-0.2135	neutral	83697174	83697174	0.192756698216236	136	83695174	83699174	typical	neutral	none	CDK12	CDK12	NC_086028.1	83697174	83793676	+	LoF	FALSE	5	CESC,CM,OV,PRAD,ST	13
Cdkn2c	chr5	109110000	130070000	-0.0305	neutral	129645564	129645564	0.0838608048463868	185	129643564	129647564	hypo	neutral	promoter_hypo_only	CDKN2C	CDKN2C	NC_086023.1	129639736	129645564	-	LoF	FALSE	2	HGG,LGG	2
Chd2	chr1	131150000	138810000	-0.0257	neutral	136726874	136726874	0.0892936094973478	169	136724874	136728874	hypo	neutral	promoter_hypo_only	CHD2	CHD2	NC_086019.1	136597993	136726874	-	LoF	FALSE	4	BLCA,CLL,OS,RPC	6
Chek2	chr12	43050000	51550000	-0.529	loss	51481159	51481159	0.227196638655462	97	51479159	51483159	typical	loss	het_loss	CHEK2	CHEK2	NC_086030.1	51448838	51481159	-	LoF	FALSE	1	THCA	1
Cic	chr1	87450000	90550000	-0.4673	loss	89980660	89980660	0.316378710821999	123	89978660	89982660	typical	loss	het_loss	CIC	CIC	NC_086019.1	89980660	90008357	+	LoF	FALSE	2	LGG,LUAD	3
Clip1	chr12	37070000	41730000	-0.4441	loss	38571533	38571533	0.0993696207665788	166	38569533	38573533	hypo	loss	het_loss	CLIP1	CLIP1	NC_086030.1	38571533	38678779	+	LoF	FALSE	4	BC,CESC,LUAD,ST	4
Cmtr2	chr19	55090000	66490000	-0.4103	loss	55100135	55100135	0.302043056719754	89	55098135	55102135	typical	loss	het_loss	CMTR2	CMTR2	NC_086037.1	55100135	55106966	+	LoF	FALSE	2	LUAD,NSCLC	2
Ctcf	chr19	47230000	53370000	-0.0944	neutral	50431478	50431478	0.0803237636995455	214	50429478	50433478	hypo	neutral	promoter_hypo_only	CTCF	CTCF	NC_086037.1	50431478	50481013	+	LoF	FALSE	6	ALL,AML,BRCA,HNSC,NSCLC,UCEC	9
Cul3	chr9	44770000	94510000	-0.0019	neutral	89118775	89118775	0.0760259744700251	213	89116775	89120775	hypo	neutral	promoter_hypo_only	CUL3	CUL3	NC_086027.1	89040987	89118775	-	LoF	FALSE	5	HNSC,LUSC,NSCLC,PRAD,RPC	6
Cyld	chr19	34030000	38610000	-0.2033	neutral	34547311	34547311	0.293935303550974	122	34545311	34549311	typical	neutral	none	CYLD	CYLD	NC_086037.1	34487491	34547311	-	LoF	FALSE	4	HNSC,MM,NSPH,THYM	5
Daxx	chr20	2550000	5050000	-0.3659	neutral	4978062	4978062	0.151022587931591	133	4976062	4980062	typical	neutral	none	DAXX	DAXX	NC_086038.1	4971973	4978062	-	LoF	FALSE	2	ACC,PAIS	3
Dazap1	chr7	5670000	18170000	-0.1107	neutral	10098810	10098810	0.213135454545454	102	10096810	10100810	typical	neutral	none	DAZAP1	DAZAP1	NC_086025.1	10074342	10098810	-	LoF	FALSE	1	DLBCL	1
Dcc	chr18	66610000	69430000	0.0741	neutral	68248159	68248159	0.34434645770717	85	68246159	68250159	typical	neutral	none	DCC	DCC	NC_086036.1	67144272	68248159	-	LoF	FALSE	2	ESCA,PAAD	2
Ddb2	chr3	41510000	106350000	0.1926	neutral	97667617	97667617	0.775117320574163	22	97665617	97669617	typical	neutral	none	DDB2	DDB2	NC_086021.1	97640923	97667617	-	LoF	FALSE	1	AML	1
Ddx3x	chrX	4710000	16630000	-0.1155	neutral	12165983	12165983	0.0802069327924772	185	12163983	12167983	hypo	neutral	promoter_hypo_only	DDX3X	DDX3X	NC_086039.1	12152346	12165983	-	LoF	FALSE	11	BLY,BRCA,CLL,CM,DLBCL,HNSC,LY,MBL,MESO,NHLY,PIA	19
Dgcr8	chr11	89910000	99150000	0.0619	neutral	96208959	96208959	0.144758995882166	134	96206959	96210959	typical	neutral	none	DGCR8	DGCR8	NC_086029.1	96208959	96241560	+	LoF	FALSE	3	DLBCL,THCA,WT	3
Dicer1	chr6	128590000	134350000	-0.3669	neutral	129457252	129457252	0.196364896891351	163	129455252	129459252	typical	neutral	none	DICER1	DICER1	NC_086024.1	129392298	129457252	-	LoF	FALSE	2	COREAD,UCEC	2
Dis3	chr15	58010000	85950000	0.0536	neutral	82258299	82258299	0.165617861222159	118	82256299	82260299	typical	neutral	none	DIS3	DIS3	NC_086033.1	82231922	82258299	-	LoF	FALSE	1	MM	1
Dnajb1	chr19	39870000	41470000	-0.4965	loss	41431141	41431141	0.203831793195662	172	41429141	41433141	typical	loss	het_loss	DNAJB1	DNAJB1	NC_086037.1	41427453	41431141	-	LoF	FALSE	1	BLCA	1
Dot1l	chr7	5670000	18170000	-0.1107	neutral	9607095	9607095	0.173587360827975	164	9605095	9609095	typical	neutral	none	DOT1L	DOT1L	NC_086025.1	9569439	9607095	-	LoF	FALSE	1	DLBCL	1
Drosha	chr2	54090000	78870000	0.044	neutral	63591885	63591885	0.156140855614973	123	63589885	63593885	typical	neutral	none	DROSHA	DROSHA	NC_086020.1	63591885	63703688	+	LoF	FALSE	2	LUSC,WT	2
Dusp16	chr4	168250000	184390000	-0.2145	neutral	169361508	169361508	0.138146987951807	202	169359508	169363508	typical	neutral	none	DUSP16	DUSP16	NC_086022.1	169278118	169361508	-	LoF	FALSE	1	COREAD	2
Eif1ax	chrX	37310000	41510000	-0.0863	neutral	39322023	39322023	0.74740725870779	97	39320023	39324023	typical	neutral	none	EIF1AX	EIF1AX	NC_086039.1	39307320	39322023	-	LoF	FALSE	5	PRAD,THCA,THYM,UCEC,UVM	5
Elf3	chr13	31770000	53850000	0.3737	neutral	49247102	49247102	0.808229787234043	88	49245102	49249102	typical	neutral	none	ELF3	ELF3	NC_086031.1	49242265	49247102	-	LoF	FALSE	2	BLCA,CH	7
Epha2	chr5	139710000	159130000	-0.4289	loss	158888629	158888629	0.258418045387994	161	158886629	158890629	typical	loss	het_loss	EPHA2	EPHA2	NC_086023.1	158888629	158917100	+	LoF	FALSE	1	CH	2
Erbb4	chr9	44770000	94510000	-0.0019	neutral	78045633	78045633	0.110951944349413	188	78043633	78047633	hypo	neutral	promoter_hypo_only	ERBB4	ERBB4	NC_086027.1	76973386	78045633	-	LoF	FALSE	3	BLCA,BRCA,ESCA	3
Ercc2	chr1	87450000	90550000	-0.4673	loss	88161342	88161342	0.21544784824462	106	88159342	88163342	typical	loss	het_loss	ERCC2	ERCC2	NC_086019.1	88161342	88175102	+	LoF	FALSE	1	BLCA	6
Ercc3	chr18	17190000	24250000	0.031	neutral	24157831	24157831	0.251275747629468	79	24155831	24159831	typical	neutral	none	ERCC3	ERCC3	NC_086036.1	24157831	24188543	+	LoF	FALSE	1	CM	1
Etv4	chr10	85210000	107290000	-0.3096	neutral	87222202	87222202	0.153104546941446	143	87220202	87224202	typical	neutral	none	ETV4	ETV4	NC_086028.1	87206977	87222202	-	LoF	FALSE	1	NB	1
Ext2	chr3	41510000	106350000	0.1926	neutral	100253424	100253424	0.208984834874505	103	100251424	100255424	typical	neutral	none	EXT2	EXT2	NC_086021.1	100120776	100253424	-	LoF	FALSE	1	CH	1
Ezh2	chr4	75810000	77810000	0.0575	neutral	77698598	77698598	0.69683239608802	14	77696598	77700598	typical	neutral	none	EZH2	EZH2	NC_086022.1	77624223	77698598	-	LoF	FALSE	7	ALL,AML,DLBCL,EWS,LUAD,LY,NHLY	11
Fanca	chr19	67110000	72590000	-0.4056	loss	68271080	68271080	0.252020620373634	86	68269080	68273080	typical	loss	het_loss	FANCA	FANCA	NC_086037.1	68210562	68271080	-	LoF	FALSE	1	VV	1
Fancc	chr17	10000	11450000	-0.1793	neutral	1686374	1686374	0.248398002754821	100	1684374	1688374	typical	neutral	none	FANCC	FANCC	NC_086035.1	1686374	1818672	+	LoF	FALSE	1	GBM	1
Fancd2	chr4	145350000	149210000	-0.169	neutral	148234633	148234633	0.262741491841492	72	148232633	148236633	typical	neutral	none	FANCD2	FANCD2	NC_086022.1	148234633	148299035	+	LoF	FALSE	2	CM,COREAD	2
Fancf	chr1	109530000	119470000	-0.029	neutral	110587870	110587870	0.482478490566038	152	110585870	110589870	typical	neutral	none	FANCF	FANCF	NC_086019.1	110585054	110587870	-	LoF	FALSE	1	BLCA	1
Fas	chr1	240310000	241630000	0.6146	gain	241212155	241212155	0.448238766519824	44	241210155	241214155	typical	gain	amplification	FAS	FAS	NC_086019.1	241212155	241245774	+	LoF	FALSE	2	CESC,DLBCL	2
Fbxo11	chr6	5810000	28810000	0.03	neutral	12240348	12240348	0.0734188047058824	264	12238348	12242348	hypo	neutral	promoter_hypo_only	FBXO11	FBXO11	NC_086024.1	12240348	12316223	+	LoF	FALSE	2	BLY,NHLY	2
Fbxw7	chr2	154310000	178710000	-0.0152	neutral	172447738	172447738	0.0906741952546471	209	172445738	172449738	hypo	neutral	promoter_hypo_only	FBXW7	FBXW7	NC_086020.1	172447738	172609591	+	LoF	FALSE	16	BLCA,BRCA,CESC,CH,CLL,COREAD,ESCA,HNSC,LUSC,MBL,NSPH,PAAD,PIA,ST,UCEC,UCS	33
Fh	chr13	87090000	109345143	0.4249	gain	90082450	90082450	0.322469872783346	101	90080450	90084450	typical	gain	amplification	FH	FH	NC_086031.1	90056565	90082450	-	LoF	FALSE	1	NSCLC	1
Flcn	chr10	42690000	61130000	-0.1479	neutral	45107581	45107581	0.290986306499064	94	45105581	45109581	typical	neutral	none	FLCN	FLCN	NC_086028.1	45088164	45107581	-	LoF	FALSE	1	COREAD	1
Fn1	chr9	44770000	94510000	-0.0019	neutral	80714200	80714200	0.147502899118511	125	80712200	80716200	typical	neutral	none	FN1	FN1	NC_086027.1	80645507	80714200	-	LoF	FALSE	1	LUSC	1
Foxa1	chr6	59910000	91830000	0.0568	neutral	80871195	80871195	0.167043948775683	192	80869195	80873195	typical	neutral	none	FOXA1	FOXA1	NC_086024.1	80838380	80871195	-	LoF	FALSE	2	BRCA,PRAD	15
Foxa2	chr3	152730000	156830000	0.0906	neutral	155927508	155927508	0.473622770242499	180	155925508	155929508	typical	neutral	none	FOXA2	FOXA2	NC_086021.1	155923305	155927508	-	LoF	FALSE	1	UCEC	2
Fubp1	chr2	240850000	245850000	0.1058	neutral	243819529	243819529	0.0726991473602618	167	243817529	243821529	hypo	neutral	promoter_hypo_only	FUBP1	FUBP1	NC_086020.1	243819529	243846544	+	LoF	FALSE	2	CLL,LGG	3
Gata3	chr17	70890000	76350000	-0.119	neutral	73544234	73544234	0.860286530297183	89	73542234	73546234	typical	neutral	none	GATA3	GATA3	NC_086035.1	73544234	73575670	+	LoF	FALSE	2	ALL,BRCA	4
Gna13	chr10	85210000	107290000	-0.3096	neutral	94837271	94837271	0.133096913750345	193	94835271	94839271	typical	neutral	none	GNA13	GNA13	NC_086028.1	94837271	94870290	+	LoF	FALSE	2	BLCA,DLBCL	2
Hoxd13	chr3	41510000	106350000	0.1926	neutral	79978077	79978077	0.269122272336769	204	79976077	79980077	typical	neutral	none	HOXD13	HOXD13	NC_086021.1	79978077	79981393	+	LoF	FALSE	2	BRCA,ESCA	2
Htra2	chr4	115250000	123930000	-0.167	neutral	117117793	117117793	0.132414965986395	165	117115793	117119793	typical	neutral	none	HTRA2	HTRA2	NC_086022.1	117114631	117117793	-	LoF	FALSE	1	BC	1
Id3	chr5	139710000	159130000	-0.4289	loss	153656253	153656253	0.104904938744257	134	153654253	153658253	hypo	loss	het_loss	ID3	ID3	NC_086023.1	153656253	153657860	+	LoF	FALSE	1	DLBCL	1
Ifnar1	chr11	13370000	58150000	0.1644	neutral	44211769	44211769	0.230219825659365	103	44209769	44213769	typical	neutral	none	IFNAR1	IFNAR1	NC_086029.1	44211769	44238206	+	LoF	FALSE	1	MM	1
Ifngr1	chr1	14910000	18690000	-0.0614	neutral	16152811	16152811	0.227183391853932	100	16150811	16154811	typical	neutral	none	IFNGR1	IFNGR1	NC_086019.1	16152811	16171439	+	LoF	FALSE	1	CESC	1
Ing1	chr16	75170000	91441454	-0.1516	neutral	84649498	84649498	0.502454660894661	89	84647498	84651498	typical	neutral	none	ING1	ING1	NC_086034.1	84639378	84649498	-	LoF	FALSE	1	UCEC	1
Irak1	chrX	156130000	157690000	0.5316	gain	156929825	156929825	0.38673160696999	92	156927825	156931825	typical	gain	amplification	IRAK1	IRAK1	NC_086039.1	156919927	156929825	-	LoF	FALSE	1	MM	1
Irf1	chr10	28670000	39930000	-0.1447	neutral	38417935	38417935	0.207155787752135	156	38415935	38419935	typical	neutral	none	IRF1	IRF1	NC_086028.1	38417935	38424946	+	LoF	FALSE	1	MM	1
Irs4	chrX	109550000	111070000	-0.0301	neutral	110148473	110148473	0.876330140485312	180	110146473	110150473	hyper	neutral	promoter_hyper_only	IRS4	IRS4	NC_086039.1	110132490	110148473	-	LoF	FALSE	2	BLCA,PAAD	2
Kdm5c	chrX	20810000	37070000	-0.1035	neutral	24821568	24821568	0.705744014962594	28	24819568	24823568	typical	neutral	none	KDM5C	KDM5C	NC_086039.1	24821568	24866423	+	LoF	FALSE	3	HNSC,MM,RCCC	5
Kdm6a	chrX	4710000	16630000	-0.1155	neutral	7060027	7060027	0.0788454193548387	203	7058027	7062027	hypo	neutral	promoter_hypo_only	KDM6A	KDM6A	NC_086039.1	6920374	7060027	-	LoF	FALSE	15	ALL,BLCA,BRCA,CH,ESCA,HNSC,LUSC,MBL,PAAD,PIA,PRAD,RPC,SCLC,SSCC,ST	39
Klhl6	chr11	89910000	99150000	0.0619	neutral	94475262	94475262	0.867254347826087	42	94473262	94477262	hyper	neutral	promoter_hyper_only	KLHL6	KLHL6	NC_086029.1	94475262	94514653	+	LoF	FALSE	1	NHLY	1
Kmt2b	chr1	92650000	97250000	-0.3971	neutral	94969239	94969239	0.142893331518781	195	94967239	94971239	typical	neutral	none	KMT2B	KMT2B	NC_086019.1	94949144	94969239	-	LoF	FALSE	2	OS,VV	2
Lats1	chr1	3890000	5210000	-0.1512	neutral	3980801	3980801	0.131340773170329	152	3978801	3982801	typical	neutral	none	LATS1	LATS1	NC_086019.1	3980801	4014029	+	LoF	FALSE	5	CESC,COREAD,OV,PAAD,SBCC	5
Lats2	chr15	30430000	37510000	-0.0478	neutral	35992225	35992225	0.0996904178866117	210	35990225	35994225	hypo	neutral	promoter_hypo_only	LATS2	LATS2	NC_086033.1	35940632	35992225	-	LoF	FALSE	3	LUSC,MESO,VV	3
Lox	chr18	45230000	52230000	0.1015	neutral	48175640	48175640	0.230136293755913	152	48173640	48177640	typical	neutral	none	LOX	LOX	NC_086036.1	48162889	48175640	-	LoF	FALSE	1	BC	1
Lpar4	chrX	56890000	85810000	-0.0364	neutral	76106319	76106319	0.667489231401562	41	76104319	76108319	typical	neutral	none	LPAR4	LPAR4	NC_086039.1	76106319	76119807	+	LoF	FALSE	1	HNSC	1
Lztr1	chr11	89910000	99150000	0.0619	neutral	97008127	97008127	0.27274883248731	85	97006127	97010127	typical	neutral	none	LZTR1	LZTR1	NC_086029.1	96991956	97008127	-	LoF	FALSE	5	ALL,GBM,PAAD,PRAD,UCEC	5
Maf	chr19	55090000	66490000	-0.4103	loss	60622145	60622145	0.922732696740205	270	60620145	60624145	hyper	loss	het_loss+hyper (double-hit)	MAF	MAF	NC_086037.1	60259200	60622145	-	LoF	FALSE	1	MM	1
Malt1	chr18	61190000	61250000	0.0359	neutral	61212290	61212290	0.160327141713371	134	61210290	61214290	typical	neutral	none	MALT1	MALT1	NC_086036.1	61212290	61266272	+	LoF	FALSE	1	DLBCL	1
Maml2	chr8	8390000	31990000	0.0283	neutral	18552480	18552480	0.0833526212959948	92	18550480	18554480	hypo	neutral	promoter_hypo_only	MAML2	MAML2	NC_086026.1	18552480	18869923	+	LoF	FALSE	2	AML,LUSC	2
Map2k4	chr10	42690000	61130000	-0.1479	neutral	50947063	50947063	0.138116785056564	128	50945063	50949063	typical	neutral	none	MAP2K4	MAP2K4	NC_086028.1	50842348	50947063	-	LoF	FALSE	4	BRCA,CH,COREAD,PAAD	11
Map2k7	chr12	6630000	8650000	-0.0247	neutral	7389032	7389032	0.170644395410415	110	7387032	7391032	typical	neutral	none	MAP2K7	MAP2K7	NC_086030.1	7389032	7398377	+	LoF	FALSE	1	ST	1
Mb21d2	chr11	83790000	89590000	0.146	neutral	85330526	85330526	0.184838562552951	195	85328526	85332526	typical	neutral	none	MB21D2	MB21D2	NC_086029.1	85330526	85429543	+	LoF	FALSE	3	HNSC,LUAD,LUSC	3
Mef2b	chr16	11210000	20330000	-0.1623	neutral	19305547	19305547	0.729595205992509	53	19303547	19307547	typical	neutral	none	MEF2B	MEF2B	NC_086034.1	19286951	19305547	-	LoF	FALSE	2	DLBCL,NHLY	4
Mga	chr3	126370000	129830000	0.1555	neutral	127300558	127300558	0.805990936329588	31	127298558	127302558	typical	neutral	none	MGA	MGA	NC_086021.1	127300558	127396694	+	LoF	FALSE	2	CLL,LUAD	2
Ncor1	chr10	42690000	61130000	-0.1479	neutral	47641612	47641612	0.0659745706801204	193	47639612	47643612	hypo	neutral	promoter_hypo_only	NCOR1	NCOR1	NC_086028.1	47498852	47641612	-	LoF	FALSE	9	BLCA,BRCA,CH,DLBCL,HNSC,MBL,MESO,PRAD,SCLC	14
Nfkbia	chr6	59910000	91830000	0.0568	neutral	78597307	78597307	0.178311410054988	149	78595307	78599307	typical	neutral	none	NFKBIA	NFKBIA	NC_086024.1	78593844	78597307	-	LoF	FALSE	2	DLBCL,MM	2
Nin	chr6	92070000	105070000	-0.0783	neutral	94363679	94363679	0.299699584807012	187	94361679	94365679	typical	neutral	none	NIN	NIN	NC_086024.1	94261382	94363679	-	LoF	FALSE	4	BRCA,COREAD,MESO,ST	4
Nipbl	chr2	54090000	78870000	0.044	neutral	59314841	59314841	0.764609483488569	41	59312841	59316841	typical	neutral	none	NIPBL	NIPBL	NC_086020.1	59126676	59314841	-	LoF	FALSE	2	ESCA,LGG	2
Nono	chrX	56890000	85810000	-0.0364	neutral	70594116	70594116	0.479464025633557	94	70592116	70596116	typical	neutral	none	NONO	NONO	NC_086039.1	70594116	70611976	+	LoF	FALSE	2	BRCA,CM	2
Npepps	chr10	80950000	83370000	-0.4962	loss	82770363	82770363	0.132152551461685	166	82768363	82772363	typical	loss	het_loss	NPEPPS	NPEPPS	NC_086028.1	82687869	82770363	-	LoF	FALSE	2	AML,LUSC	2
Nprl2	chr8	113090000	117290000	-0.1986	neutral	117094443	117094443	0.438239465271723	99	117092443	117096443	typical	neutral	none	NPRL2	NPRL2	NC_086026.1	117094443	117097639	+	LoF	FALSE	1	PAIS	1
Nrp1	chr19	72610000	74243122	0.0971	neutral	73256557	73256557	0.585063966553436	122	73254557	73258557	typical	neutral	none	NRP1	NRP1	NC_086037.1	73256557	73411705	+	LoF	FALSE	1	AML	1
Nt5c3a	chr4	78110000	99230000	-0.0658	neutral	87534838	87534838	0.139005802968961	98	87532838	87536838	typical	neutral	none	NT5C3A	NT5C3A	NC_086022.1	87491828	87534838	-	LoF	FALSE	1	AML	1
Pbrm1	chr16	5270000	8270000	-0.104	neutral	6219933	6219933	0.0799467815299795	137	6217933	6221933	hypo	neutral	promoter_hypo_only	PBRM1	PBRM1	NC_086034.1	6219933	6319336	+	LoF	FALSE	8	CESC,CH,CM,ESCA,LUAD,RCCC,RPC,UCEC	13
Pcdh17	chr15	58010000	85950000	0.0536	neutral	66631549	66631549	0.0736434580216126	157	66629549	66633549	hypo	neutral	promoter_hypo_only	PCDH17	PCDH17	NC_086033.1	66631549	66725007	+	LoF	FALSE	1	CH	1
Pcmtd1	chr5	5610000	26610000	-0.0116	neutral	17143803	17143803	0.296020943837754	65	17141803	17145803	typical	neutral	none	PCMTD1	PCMTD1	NC_086023.1	17071629	17143803	-	LoF	FALSE	1	AML	1
Phf6	chrX	137550000	138210000	-0.0841	neutral	137576214	137576214	0.447423711189221	131	137574214	137578214	typical	neutral	none	PHF6	PHF6	NC_086039.1	137576214	137619297	+	LoF	FALSE	2	ALL,AML	2
Pik3r1	chr2	30770000	36750000	-0.1373	neutral	34697660	34697660	0.134843280454954	180	34695660	34699660	typical	neutral	none	PIK3R1	PIK3R1	NC_086020.1	34612946	34697660	-	LoF	FALSE	10	ACY,BRCA,CH,GBM,HNSC,LGG,OS,ST,UCEC,UCS	14
Pim1	chr20	5290000	25870000	-0.2982	neutral	7556496	7556496	0.0550521694392042	280	7554496	7558496	hypo	neutral	promoter_hypo_only	PIM1	PIM1	NC_086038.1	7556496	7560747	+	LoF	FALSE	4	DLBCL,LY,MM,NHLY	7
Pml	chr8	64010000	78330000	-0.1382	neutral	67557801	67557801	0.406745193929174	66	67555801	67559801	typical	neutral	none	PML	PML	NC_086026.1	67523164	67557801	-	LoF	FALSE	1	VV	1
Pms2	chr12	14610000	21010000	-0.5066	loss	15814790	15814790	0.129757697947214	106	15812790	15816790	typical	loss	het_loss	PMS2	PMS2	NC_086030.1	15790478	15814790	-	LoF	FALSE	1	PRAD	1
Ppm1d	chr10	65010000	79790000	-0.1331	neutral	70670026	70670026	0.0952632108246481	170	70668026	70672026	hypo	neutral	promoter_hypo_only	PPM1D	PPM1D	NC_086028.1	70670026	70706030	+	LoF	FALSE	3	HGG,PIA,SBCC	3
Ppp3ca	chr2	223130000	229890000	-0.0113	neutral	227839058	227839058	0.0662407511737088	247	227837058	227841058	hypo	neutral	promoter_hypo_only	PPP3CA	PPP3CA	NC_086020.1	227839058	228113560	+	LoF	FALSE	1	ST	1
Ppp6c	chr3	41510000	106350000	0.1926	neutral	43371807	43371807	0.100189356310188	107	43369807	43373807	hypo	neutral	promoter_hypo_only	PPP6C	PPP6C	NC_086021.1	43339521	43371807	-	LoF	FALSE	2	CM,SBCC	5
Prdm1	chr20	46450000	54110000	-0.1886	neutral	49564088	49564088	0.235000128068303	143	49562088	49566088	typical	neutral	none	PRDM1	PRDM1	NC_086038.1	49542465	49564088	-	LoF	FALSE	4	DLBCL,MM,NHLY,PRAD	5
Prf1	chr20	26370000	37890000	-0.1422	neutral	29789040	29789040	0.885223672883788	84	29787040	29791040	hyper	neutral	promoter_hyper_only	PRF1	PRF1	NC_086038.1	29789040	29794550	+	LoF	FALSE	2	NSCLC,ST	2
Prkar1a	chr10	85210000	107290000	-0.3096	neutral	95120537	95120537	0.176929044050448	177	95118537	95122537	typical	neutral	none	PRKAR1A	PRKAR1A	NC_086028.1	95120537	95139028	+	LoF	FALSE	3	ACC,MBL,PIA	4
Prkcd	chr16	5270000	8270000	-0.104	neutral	5806122	5806122	0.172533596837945	152	5804122	5808122	typical	neutral	none	PRKCD	PRKCD	NC_086034.1	5775681	5806122	-	LoF	FALSE	2	DLBCL,NHLY	2
Prr14	chr1	161350000	210610000	-0.1496	neutral	191514428	191514428	0.151598210774675	110	191512428	191516428	typical	neutral	none	PRR14	PRR14	NC_086019.1	191514428	191519805	+	LoF	FALSE	1	THCA	1
Ptch1	chr17	10000	11450000	-0.1793	neutral	1548449	1548449	0.173109113422487	134	1546449	1550449	typical	neutral	none	PTCH1	PTCH1	NC_086035.1	1548449	1613461	+	LoF	FALSE	6	ESCA,MBL,MESO,OS,PIA,SBCC	11
Ptma	chr9	94530000	94650000	-0.737	loss	94624194	94624194	0.0493147395067776	357	94622194	94626194	hypo	loss	het_loss	PTMA	PTMA	NC_086027.1	94624194	94628276	+	LoF	FALSE	1	MGCT	1
Ptpn13	chr14	4210000	20630000	-0.1168	neutral	6587238	6587238	0.139876262882243	175	6585238	6589238	typical	neutral	none	PTPN13	PTPN13	NC_086032.1	6412841	6587238	-	LoF	FALSE	1	BRCA	1
Ptpn14	chr13	87090000	109345143	0.4249	gain	103799473	103799473	0.144397199453552	183	103797473	103801473	typical	gain	amplification	PTPN14	PTPN14	NC_086031.1	103799473	103951708	+	LoF	FALSE	1	SBCC	1
Ptpn6	chr4	154630000	160570000	-0.2723	neutral	159237069	159237069	0.435402308960968	108	159235069	159239069	typical	neutral	none	PTPN6	PTPN6	NC_086022.1	159212320	159237069	-	LoF	FALSE	2	CM,DLBCL	3
Ptprk	chr1	18790000	22470000	0.0105	neutral	19056297	19056297	0.088378216704289	187	19054297	19058297	hypo	neutral	promoter_hypo_only	PTPRK	PTPRK	NC_086019.1	18557091	19056297	-	LoF	FALSE	2	NSCLC,SCLC	2
Ptprt	chr3	166010000	174050000	-0.093	neutral	171707692	171707692	0.185625258552108	193	171705692	171709692	typical	neutral	none	PTPRT	PTPRT	NC_086021.1	170608993	171707692	-	LoF	FALSE	3	ESCA,HNSC,OV	4
Qki	chr1	50350000	52950000	-0.1181	neutral	52935357	52935357	0.0700356022267206	368	52933357	52937357	hypo	neutral	promoter_hypo_only	QKI	QKI	NC_086019.1	52935357	53047338	+	LoF	FALSE	1	CM	1
Rabep1	chr10	42690000	61130000	-0.1479	neutral	56064742	56064742	0.180238550724638	125	56062742	56066742	typical	neutral	none	RABEP1	RABEP1	NC_086028.1	56064742	56168778	+	LoF	FALSE	1	SSCC	1
Rasa1	chr2	14050000	23890000	0.1184	neutral	17676707	17676707	0.144854215698168	175	17674707	17678707	typical	neutral	none	RASA1	RASA1	NC_086020.1	17593136	17676707	-	LoF	FALSE	2	HNSC,LUSC	2
Rasa2	chr8	105630000	108830000	-0.1616	neutral	106116285	106116285	0.149226719853518	176	106114285	106118285	typical	neutral	none	RASA2	RASA2	NC_086026.1	105996797	106116285	-	LoF	FALSE	1	DLBCL	1
Rbm10	chrX	2770000	4590000	-0.0611	neutral	4126060	4126060	0.410406615285806	121	4124060	4128060	typical	neutral	none	RBM10	RBM10	NC_086039.1	4093914	4126060	-	LoF	FALSE	6	BLCA,CH,COREAD,LUAD,NSCLC,PAAD	11
Rbm15	chr2	196850000	201170000	0.503	gain	197642697	197642697	0.157928573229935	199	197640697	197644697	typical	gain	amplification	RBM15	RBM15	NC_086020.1	197634174	197642697	-	LoF	FALSE	1	HNSC	1
Recql4	chr7	95610000	111810000	0.0859	neutral	110311426	110311426	0.25957170855775	124	110309426	110313426	typical	neutral	none	RECQL4	RECQL4	NC_086025.1	110304092	110311426	-	LoF	FALSE	1	ST	1
Rgs7	chr13	87090000	109345143	0.4249	gain	89941082	89941082	0.205178651529835	127	89939082	89943082	typical	gain	amplification	RGS7	RGS7	NC_086031.1	89511492	89941082	-	LoF	FALSE	2	BRCA,LUAD	3
Rnf43	chr10	65010000	79790000	-0.1331	neutral	72958744	72958744	0.788221462264151	40	72956744	72960744	typical	neutral	none	RNF43	RNF43	NC_086028.1	72958744	73034540	+	LoF	FALSE	8	ALL,CH,COREAD,ESCA,PAAD,PRAD,ST,UCEC	17
Rnf6	chr12	13870000	14590000	0.0868	neutral	13929160	13929160	0.335106614420063	85	13927160	13931160	typical	neutral	none	RNF6	RNF6	NC_086030.1	13929160	13940663	+	LoF	FALSE	1	COREAD	1
Rpl10	chr18	10850000	17030000	-0.0425	neutral	15278623	15278623	0.820106145966709	32	15276623	15280623	typical	neutral	none	RPL10	RPL10	NC_086039.1	157205850	157208057	+	LoF	FALSE	2	MM,NHLY	2
Rpl10	chrX	156130000	157690000	0.5316	gain	157205850	157205850	0.390402297702298	84	157203850	157207850	typical	gain	amplification	RPL10	RPL10	NC_086039.1	157205850	157208057	+	LoF	FALSE	2	MM,NHLY	2
Rxra	chr3	20030000	35050000	0.0134	neutral	31387892	31387892	0.138068895417156	248	31385892	31389892	typical	neutral	none	RXRA	RXRA	NC_086021.1	31387892	31474415	+	LoF	FALSE	1	BLCA	3
Sdc4	chr3	166010000	174050000	-0.093	neutral	173592923	173592923	0.27776136425648	110	173590923	173594923	typical	neutral	none	SDC4	SDC4	NC_086021.1	173574239	173592923	-	LoF	FALSE	1	ST	1
Setd1b	chr12	37070000	41730000	-0.4441	loss	39082399	39082399	0.0722559198162455	212	39080399	39084399	hypo	loss	het_loss	SETD1B	SETD1B	NC_086030.1	39056809	39082399	-	LoF	FALSE	3	ESCA,OV,PAAD	3
Sirpa	chr3	130050000	143290000	0.1028	neutral	137272932	137272932	0.230142260579065	154	137270932	137274932	typical	neutral	none	SIRPA	SIRPA	NC_086021.1	137272932	137311279	+	LoF	FALSE	5	AML,CESC,COREAD,HGG,MBL	5
Six1	chr6	92070000	105070000	-0.0783	neutral	97487853	97487853	0.116875821508589	182	97485853	97489853	typical	neutral	none	SIX1	SIX1	NC_086024.1	97482617	97487853	-	LoF	FALSE	1	WT	1
Slc45a3	chr13	31770000	53850000	0.3737	neutral	45959467	45959467	0.224589819739953	157	45957467	45961467	typical	neutral	none	SLC45A3	SLC45A3	NC_086031.1	45959467	45979763	+	LoF	FALSE	1	CM	1
Smad2	chr18	69570000	83910000	-0.1875	neutral	72124792	72124792	0.107622358749314	230	72122792	72126792	hypo	neutral	promoter_hypo_only	SMAD2	SMAD2	NC_086036.1	72124792	72193345	+	LoF	FALSE	2	BRCA,COREAD	4
Smad3	chr8	64010000	78330000	-0.1382	neutral	73132324	73132324	0.066636305732484	196	73130324	73134324	hypo	neutral	promoter_hypo_only	SMAD3	SMAD3	NC_086026.1	73022204	73132324	-	LoF	FALSE	2	COREAD,PAAD	5
Smad4	chr18	69450000	69550000	-1.1966	loss	69549684	69549684	0.762154219948849	35	69547684	69551684	typical	loss	het_loss	SMAD4	SMAD4	NC_086036.1	69518988	69549684	-	LoF	FALSE	9	BRCA,CESC,CH,COREAD,ESCA,HNSC,PAAD,PRAD,ST	29
Smarca1	chrX	125490000	135290000	-0.0306	neutral	131944639	131944639	0.744017863336802	77	131942639	131946639	typical	neutral	none	SMARCA1	SMARCA1	NC_086039.1	131858148	131944639	-	LoF	FALSE	1	PRAD	1
Smarcb1	chr20	5290000	25870000	-0.2982	neutral	12740105	12740105	0.242851160443996	121	12738105	12742105	typical	neutral	none	SMARCB1	SMARCB1	NC_086038.1	12740105	12763054	+	LoF	FALSE	4	ATRT,MBL,NB,PAIS	4
Socs1	chr10	570000	5810000	-0.1216	neutral	5389574	5389574	0.121233615882222	227	5387574	5391574	typical	neutral	none	SOCS1	SOCS1	NC_086028.1	5389574	5391265	+	LoF	FALSE	3	DLBCL,LY,NHLY	5
Sox21	chr15	101250000	107710000	-0.1252	neutral	101703175	101703175	0.102306344669906	258	101701175	101705175	hypo	neutral	promoter_hypo_only	SOX21	SOX21	NC_086033.1	101699580	101703175	-	LoF	FALSE	1	PRAD	1
Sox9	chr10	85210000	107290000	-0.3096	neutral	98305744	98305744	0.190703236484001	235	98303744	98307744	typical	neutral	none	SOX9	SOX9	NC_086028.1	98305744	98311250	+	LoF	FALSE	1	COREAD	3
Stag2	chrX	125490000	135290000	-0.0306	neutral	125839660	125839660	0.463629305038069	169	125837660	125841660	typical	neutral	none	STAG2	STAG2	NC_086039.1	125839660	125971209	+	LoF	FALSE	11	AML,BLCA,EWS,GBM,LUSC,MBL,PIA,RCCC,RPC,SBCC,THCA	17
Stk11	chr7	5670000	18170000	-0.1107	neutral	10241965	10241965	0.070847774750227	222	10239965	10243965	hypo	neutral	promoter_hypo_only	STK11	STK11	NC_086025.1	10225204	10241965	-	LoF	FALSE	4	CESC,CH,LUAD,NSCLC	7
Tbx3	chr12	42310000	43030000	-0.9482	loss	42555490	42555490	0.88695346375882	221	42553490	42557490	hyper	loss	het_loss+hyper (double-hit)	TBX3	TBX3	NC_086030.1	42540378	42555490	-	LoF	FALSE	4	BRCA,COREAD,DLBCL,ESCA	8
Tcirg1	chr1	161350000	210610000	-0.1496	neutral	210568021	210568021	0.4041541287741	76	210566021	210570021	typical	neutral	none	TCIRG1	TCIRG1	NC_086019.1	210556270	210568021	-	LoF	FALSE	1	CM	1
Tec	chr14	30070000	40910000	-0.0713	neutral	35706557	35706557	0.259536435832275	90	35704557	35708557	typical	neutral	none	TEC	TEC	NC_086032.1	35706557	35815563	+	LoF	FALSE	1	UCEC	1
Tet2	chr2	223130000	229890000	-0.0113	neutral	224746819	224746819	0.152684044075558	187	224744819	224748819	typical	neutral	none	TET2	TET2	NC_086020.1	224662654	224746819	-	LoF	FALSE	6	AML,LY,MDPS,NHLY,OS,S	7
Tfap4	chr10	7470000	12330000	-0.2734	neutral	11507242	11507242	0.24592424359969	94	11505242	11509242	typical	neutral	none	TFAP4	TFAP4	NC_086028.1	11507242	11525794	+	LoF	FALSE	2	BLY,NHLY	2
Tgfbr2	chr8	123630000	127550000	-0.2397	neutral	124761741	124761741	0.220421061061061	169	124759741	124763741	typical	neutral	none	TGFBR2	TGFBR2	NC_086026.1	124672677	124761741	-	LoF	FALSE	6	CESC,CH,COREAD,ESCA,HNSC,PAAD	10
Tgif1	chr9	113710000	121764075	-0.0238	neutral	118204354	118204354	0.143243548137846	191	118202354	118206354	typical	neutral	none	TGIF1	TGIF1	NC_086027.1	118194735	118204354	-	LoF	FALSE	1	COREAD	1
Tnfaip3	chr1	14910000	18690000	-0.0614	neutral	15543993	15543993	0.286056251460622	104	15541993	15545993	typical	neutral	none	TNFAIP3	TNFAIP3	NC_086019.1	15528921	15543993	-	LoF	FALSE	2	DLBCL,LY	2
Tnfrsf14	chr5	164610000	172150000	-0.4379	loss	170776749	170776749	0.451019213973799	50	170774749	170778749	typical	loss	het_loss	TNFRSF14	TNFRSF14	NC_086023.1	170768413	170776749	-	LoF	FALSE	3	DLBCL,LY,NHLY	5
Top1	chr3	166010000	174050000	-0.093	neutral	169713195	169713195	0.155850223185818	175	169711195	169715195	typical	neutral	none	TOP1	TOP1	NC_086021.1	169713195	169796330	+	LoF	FALSE	1	SBCC	1
Traf3	chr6	134550000	138530000	-0.4283	loss	136025097	136025097	0.320919458047666	138	136023097	136027097	typical	loss	het_loss	TRAF3	TRAF3	NC_086024.1	136025097	136128363	+	LoF	FALSE	1	MM	1
Ube2a	chrX	111250000	125370000	-0.1141	neutral	120979993	120979993	0.44391962264151	111	120977993	120981993	typical	neutral	none	UBE2A	UBE2A	NC_086039.1	120979993	120990773	+	LoF	FALSE	1	DLBCL	1
Usp44	chr7	29810000	55350000	-0.0011	neutral	30251142	30251142	0.475231389741342	89	30249142	30253142	typical	neutral	none	USP44	USP44	NC_086025.1	30251142	30301185	+	LoF	FALSE	2	SBCC,UCEC	2
Usp9x	chrX	4710000	16630000	-0.1155	neutral	12399780	12399780	0.241086350844278	54	12397780	12401780	typical	neutral	none	USP9X	USP9X	NC_086039.1	12261633	12399780	-	LoF	FALSE	1	HNSC	1
Vhl	chr4	145350000	149210000	-0.169	neutral	148328099	148328099	0.204997957027122	110	148326099	148330099	typical	neutral	none	VHL	VHL	NC_086022.1	148328099	148334992	+	LoF	FALSE	2	RCCC,THYM	5
Was	chrX	16870000	19990000	-0.1599	neutral	17077057	17077057	0.79171643663739	32	17075057	17079057	typical	neutral	none	WAS	WAS	NC_086039.1	17077057	17085802	+	LoF	FALSE	1	MBL	1
Wdr45	chrX	16870000	19990000	-0.1599	neutral	17454117	17454117	0.282766044340723	61	17452117	17456117	typical	neutral	none	WDR45	WDR45	NC_086039.1	17448195	17454117	-	LoF	FALSE	1	BLCA	1
Wrn	chr16	65050000	73170000	-0.0386	neutral	65466552	65466552	0.125643920771965	186	65464552	65468552	typical	neutral	none	WRN	WRN	NC_086034.1	65466552	65602951	+	LoF	FALSE	1	NSPH	1
Wt1	chr3	107370000	123370000	0.2368	neutral	112019721	112019721	0.712312540341172	153	112017721	112021721	typical	neutral	none	WT1	WT1	NC_086021.1	112019721	112068454	+	LoF	FALSE	2	ESCA,PAAD	2
Zcrb1	chr7	122630000	131610000	0.0011	neutral	126418012	126418012	0.143262363685932	161	126416012	126420012	typical	neutral	none	ZCRB1	ZCRB1	NC_086025.1	126404675	126418012	-	LoF	FALSE	1	AML	1
Zeb1	chr17	52450000	70730000	-0.0057	neutral	56811155	56811155	0.090863168012303	254	56809155	56813155	hypo	neutral	promoter_hypo_only	ZEB1	ZEB1	NC_086035.1	56644397	56811155	-	LoF	FALSE	2	MM,NSPH	2
Zfhx3	chr19	47230000	53370000	-0.0944	neutral	52789146	52789146	0.616272873345936	64	52787146	52791146	typical	neutral	none	ZFHX3	ZFHX3	NC_086037.1	52789146	53795664	+	LoF	FALSE	9	BLCA,BRCA,DLBCL,MM,PAAD,PRAD,THYM,UCEC,VV	10
Zfp36l1	chr6	92070000	105070000	-0.0783	neutral	104669815	104669815	0.0459139693910779	246	104667815	104671815	hypo	neutral	promoter_hypo_only	ZFP36L1	ZFP36L1	NC_086024.1	104663396	104669815	-	LoF	FALSE	1	BLCA	1
Zfx	chrX	56890000	85810000	-0.0364	neutral	62847068	62847068	0.513536798427605	200	62845068	62849068	typical	neutral	none	ZFX	ZFX	NC_086039.1	62798483	62847068	-	LoF	FALSE	1	CM	1
Znrf3	chr14	80590000	109084928	-0.0588	neutral	84527465	84527465	0.117182763744428	205	84525465	84529465	typical	neutral	none	ZNRF3	ZNRF3	NC_086032.1	84375668	84527465	-	LoF	FALSE	1	ACC	1
Zrsr2	chrX	20810000	37070000	-0.1035	neutral	34179279	34179279	0.444537748344371	78	34177279	34181279	typical	neutral	none	ZRSR2	ZRSR2	NC_086039.1	34179279	34201989	+	LoF	FALSE	1	AML	1
Zxdb	chrX	56890000	85810000	-0.0364	neutral	63710381	63710381	0.91632612583839	238	63708381	63712381	hyper	neutral	promoter_hyper_only	ZXDB	ZXDB	NC_086039.1	63710381	63716353	+	LoF	FALSE	1	BRCA	1
Abi1	chr17	90050000	90150000	-1.0559	loss	90088002	90088002	0.221637141703674	123	90086002	90090002	typical	loss	het_loss	ABI1	ABI1	NC_086035.1	90006917	90088002	-	ambiguous	FALSE	1	ESCA	1
Acvr1	chr3	41510000	106350000	0.1926	neutral	63506980	63506980	0.179203211528564	193	63504980	63508980	typical	neutral	none	ACVR1	ACVR1	NC_086021.1	63387378	63506980	-	ambiguous	FALSE	2	HGG,UCEC	2
Adgrb1	chr7	95610000	111810000	0.0859	neutral	108293681	108293681	0.42805665220535	187	108291681	108295681	typical	neutral	none	ADGRB1	ADGRB1	NC_086025.1	108293681	108365892	+	ambiguous	FALSE	1	AN	1
Aff3	chr9	44770000	94510000	-0.0019	neutral	48352380	48352380	0.192642426327256	235	48350380	48354380	typical	neutral	none	AFF3	AFF3	NC_086027.1	47894903	48352380	-	ambiguous	FALSE	1	BRCA	1
Akt3	chr13	87090000	109345143	0.4249	gain	91758060	91758060	0.11063478360256	237	91756060	91760060	hypo	gain	amp+hypo (activation)	AKT3	AKT3	NC_086031.1	91475839	91758060	-	ambiguous	FALSE	2	PRAD,SSCC	2
Arhgef10	chr16	75170000	91441454	-0.1516	neutral	81440439	81440439	0.33961860231272	121	81438439	81442439	typical	neutral	none	ARHGEF10	ARHGEF10	NC_086034.1	81349429	81440439	-	ambiguous	FALSE	4	ANGS,NSCLC,SCLC,SSCC	4
Bcl10	chr2	236410000	238090000	-0.0553	neutral	237501181	237501181	0.230618879056047	126	237499181	237503181	typical	neutral	none	BCL10	BCL10	NC_086020.1	237501181	237510821	+	ambiguous	FALSE	1	DLBCL	2
Bcl2l12	chr1	97890000	109270000	-0.2994	neutral	104617472	104617472	0.18691179558978	98	104615472	104619472	typical	neutral	none	BCL2L12	BCL2L12	NC_086019.1	104608753	104617472	-	ambiguous	FALSE	1	CM	1
Btg1	chr7	29810000	55350000	-0.0011	neutral	33228149	33228149	0.0942161424993043	178	33226149	33230149	hypo	neutral	promoter_hypo_only	BTG1	BTG1	NC_086025.1	33228149	33230406	+	ambiguous	FALSE	5	CLL,DLBCL,LY,MM,NHLY	8
Cebpa	chr1	92650000	97250000	-0.3971	neutral	96896584	96896584	0.108248345611188	293	96894584	96898584	hypo	neutral	promoter_hypo_only	CEBPA	CEBPA	NC_086019.1	96896584	96899256	+	ambiguous	FALSE	1	AML	2
Cnot9	chr9	44770000	94510000	-0.0019	neutral	83533369	83533369	0.081207929969104	133	83531369	83535369	hypo	neutral	promoter_hypo_only	CNOT9	CNOT9	NC_086027.1	83533369	83558207	+	ambiguous	FALSE	1	CM	2
Crtc1	chr16	11210000	20330000	-0.1623	neutral	19022171	19022171	0.22113105320304	100	19020171	19024171	typical	neutral	none	CRTC1	CRTC1	NC_086034.1	19022171	19080880	+	ambiguous	FALSE	1	ACY	1
Cux1	chr12	24510000	27170000	-0.4937	loss	25728393	25728393	0.494114142295941	73	25726393	25730393	typical	loss	het_loss	CUX1	CUX1	NC_086030.1	25728393	26062497	+	ambiguous	FALSE	7	BRCA,CM,GBM,LUAD,NSCLC,THCA,UCEC	7
Ddx6	chr8	47070000	63930000	-0.0933	neutral	53827661	53827661	0.105319257425743	179	53825661	53829661	hypo	neutral	promoter_hypo_only	DDX6	DDX6	NC_086026.1	53827661	53864538	+	ambiguous	FALSE	1	MBL	1
Dtx1	chr12	37070000	41730000	-0.4441	loss	41510252	41510252	0.347294997966653	164	41508252	41512252	typical	loss	het_loss	DTX1	DTX1	NC_086030.1	41510252	41541433	+	ambiguous	FALSE	1	CLL	1
Ebf1	chr10	28670000	39930000	-0.1447	neutral	29597221	29597221	0.28118234865062	108	29595221	29599221	typical	neutral	none	EBF1	EBF1	NC_086028.1	29597221	29990571	+	ambiguous	FALSE	3	DLBCL,LUSC,NHLY	5
Eftud2	chr10	85210000	107290000	-0.3096	neutral	88352229	88352229	0.898856344253771	101	88350229	88354229	hyper	neutral	promoter_hyper_only	EFTUD2	EFTUD2	NC_086028.1	88304992	88352229	-	ambiguous	FALSE	1	MM	1
Egr2	chr20	5290000	25870000	-0.2982	neutral	21055201	21055201	0.10137205057724	263	21053201	21057201	hypo	neutral	promoter_hypo_only	EGR2	EGR2	NC_086038.1	21050149	21055201	-	ambiguous	FALSE	1	CLL	1
Ehd2	chr1	85710000	86930000	-0.3919	neutral	85786974	85786974	0.473753463960812	44	85784974	85788974	typical	neutral	none	EHD2	EHD2	NC_086019.1	85767757	85786974	-	ambiguous	FALSE	1	PRAD	1
Ell	chr16	11210000	20330000	-0.1623	neutral	18925449	18925449	0.0994926481715007	149	18923449	18927449	hypo	neutral	promoter_hypo_only	ELL	ELL	NC_086034.1	18877751	18925449	-	ambiguous	FALSE	3	CM,HNSC,OV	3
Eln	chr12	27390000	27950000	-0.5128	loss	27604983	27604983	0.58505352233677	88	27602983	27606983	typical	loss	het_loss	ELN	ELN	NC_086030.1	27604983	27648413	+	ambiguous	FALSE	1	BRCA	1
Eml4	chr6	5810000	28810000	0.03	neutral	17087365	17087365	0.148982449181953	127	17085365	17089365	typical	neutral	none	EML4	EML4	NC_086024.1	16972054	17087365	-	ambiguous	FALSE	2	ESCA,SCLC	2
Enpep	chr2	220450000	223110000	0.8852	gain	220526218	220526218	0.564172976896093	96	220524218	220528218	typical	gain	amplification	ENPEP	ENPEP	NC_086020.1	220456258	220526218	-	ambiguous	FALSE	1	BC	1
Epha3	chr11	13370000	58150000	0.1644	neutral	14920721	14920721	0.339910022172949	71	14918721	14922721	typical	neutral	none	EPHA3	EPHA3	NC_086029.1	14585041	14920721	-	ambiguous	FALSE	5	BRCA,CM,COREAD,ESCA,PRAD	6
Epha7	chr5	29430000	56130000	0.0119	neutral	47771776	47771776	0.117246148583938	188	47769776	47773776	typical	neutral	none	EPHA7	EPHA7	NC_086023.1	47771776	47925189	+	ambiguous	FALSE	3	LUAD,OV,THCA	3
Fam174b	chr1	131150000	138810000	-0.0257	neutral	136925162	136925162	0.823835527455396	145	136923162	136927162	typical	neutral	none	FAM174B	FAM174B	NC_086019.1	136925162	137006082	+	ambiguous	FALSE	3	MBL,PIA,PRAD	3
Fat3	chr8	8390000	31990000	0.0283	neutral	21555679	21555679	0.180445666171372	157	21553679	21557679	typical	neutral	none	FAT3	FAT3	NC_086026.1	20972840	21555679	-	ambiguous	FALSE	14	BCNET,BRCA,CLL,CM,COREAD,DLBCL,ESCA,HNSC,LUSC,PAAD,PRAD,SBCC,ST,THCA	20
Fbn2	chr18	52370000	55950000	0.0379	neutral	53901992	53901992	0.16314696785596	204	53899992	53903992	typical	neutral	none	FBN2	FBN2	NC_086036.1	53696197	53901992	-	ambiguous	FALSE	2	HNSC,NB	2
Fhit	chr15	15930000	17110000	-0.1459	neutral	16365401	16365401	0.70945888372093	82	16363401	16367401	typical	neutral	none	FHIT	FHIT	NC_086033.1	16365401	17872901	+	ambiguous	FALSE	2	DLBCL,ST	2
Foxo3	chr20	46450000	54110000	-0.1886	neutral	47348254	47348254	0.075882964991199	261	47346254	47350254	hypo	neutral	promoter_hypo_only	FOXO3	FOXO3	NC_086038.1	47251968	47348254	-	ambiguous	FALSE	1	MBL	1
Gnai2	chr8	113090000	117290000	-0.1986	neutral	117187652	117187652	0.267360069657857	133	117185652	117189652	typical	neutral	none	GNAI2	GNAI2	NC_086026.1	117167045	117187652	-	ambiguous	FALSE	1	NHLY	1
Herc2	chr1	109530000	119470000	-0.029	neutral	116009681	116009681	0.26427110799439	112	116007681	116011681	typical	neutral	none	HERC2	HERC2	NC_086019.1	116009681	116243888	+	ambiguous	FALSE	1	THCA	1
Hoxa11	chr4	78110000	99230000	-0.0658	neutral	82676801	82676801	0.0732748843827818	180	82674801	82678801	hypo	neutral	promoter_hypo_only	HOXA11	HOXA11	NC_086022.1	82673139	82676801	-	ambiguous	FALSE	1	UCEC	1
Hspg2	chr5	139710000	159130000	-0.4289	loss	154960818	154960818	0.207147604889329	130	154958818	154962818	typical	loss	het_loss	HSPG2	HSPG2	NC_086023.1	154960818	155061971	+	ambiguous	FALSE	3	BLCA,COREAD,OS	3
Ikbkb	chr16	75170000	91441454	-0.1516	neutral	76021968	76021968	0.337979121447028	100	76019968	76023968	typical	neutral	none	IKBKB	IKBKB	NC_086034.1	76021968	76075717	+	ambiguous	FALSE	1	MM	1
Ikzf1	chr14	80590000	109084928	-0.0588	neutral	90468696	90468696	0.182009706774519	215	90466696	90470696	typical	neutral	none	IKZF1	IKZF1	NC_086032.1	90468696	90556522	+	ambiguous	FALSE	4	ALL,AML,AN,CM	4
Ikzf3	chr10	83590000	85130000	-0.2135	neutral	84049861	84049861	0.369259479988314	101	84047861	84051861	typical	neutral	none	IKZF3	IKZF3	NC_086028.1	83956850	84049861	-	ambiguous	FALSE	1	CLL	1
Ino80	chr3	126370000	129830000	0.1555	neutral	126919532	126919532	0.125963903079842	144	126917532	126921532	typical	neutral	none	INO80	INO80	NC_086021.1	126822280	126919532	-	ambiguous	FALSE	1	DLBCL	1
Irf4	chr17	27610000	36030000	-0.0166	neutral	33948842	33948842	0.315232827684285	136	33946842	33950842	typical	neutral	none	IRF4	IRF4	NC_086035.1	33930460	33948842	-	ambiguous	FALSE	4	CLL,DLBCL,MM,NHLY	7
Jak1	chr5	109110000	130070000	-0.0305	neutral	121004207	121004207	0.108172276800173	124	121002207	121006207	hypo	neutral	promoter_hypo_only	JAK1	JAK1	NC_086023.1	120895606	121004207	-	ambiguous	FALSE	3	OV,PRAD,UCEC	3
Jak2	chr1	210690000	238550000	-0.0429	neutral	236408905	236408905	0.186942865951412	193	236406905	236410905	typical	neutral	none	JAK2	JAK2	NC_086019.1	236408905	236468769	+	ambiguous	FALSE	3	ALL,AML,BRCA	4
Kat6a	chr16	75170000	91441454	-0.1516	neutral	75868584	75868584	0.118806965340466	196	75866584	75870584	typical	neutral	none	KAT6A	KAT6A	NC_086034.1	75787411	75868584	-	ambiguous	FALSE	3	ESCA,PRAD,RPC	3
Kdm3b	chr18	24470000	26890000	-0.0527	neutral	26655004	26655004	0.228667781866846	157	26653004	26657004	typical	neutral	none	KDM3B	KDM3B	NC_086036.1	26655004	26710814	+	ambiguous	FALSE	2	MBL,PIA	2
Klf5	chr15	58010000	85950000	0.0536	neutral	82472081	82472081	0.135410728064717	197	82470081	82474081	typical	neutral	none	KLF5	KLF5	NC_086033.1	82472081	82487267	+	ambiguous	FALSE	3	BLCA,CESC,LUSC	3
Klhl36	chr19	55090000	66490000	-0.4103	loss	64830218	64830218	0.819778541374474	59	64828218	64832218	typical	loss	het_loss	KLHL36	KLHL36	NC_086037.1	64830218	64851251	+	ambiguous	FALSE	1	MM	1
Lrig3	chr7	59630000	64470000	0.0407	neutral	63701724	63701724	0.124686101083032	160	63699724	63703724	typical	neutral	none	LRIG3	LRIG3	NC_086025.1	63701724	63751898	+	ambiguous	FALSE	3	BLCA,DLBCL,LUAD	3
Map2	chr9	44770000	94510000	-0.0019	neutral	75173038	75173038	0.246418595238095	100	75171038	75175038	typical	neutral	none	MAP2	MAP2	NC_086027.1	75173038	75431606	+	ambiguous	FALSE	1	LY	1
Mark2	chr1	210690000	238550000	-0.0429	neutral	213955417	213955417	0.162045130603031	146	213953417	213957417	typical	neutral	none	MARK2	MARK2	NC_086019.1	213890213	213955417	-	ambiguous	FALSE	1	PAAD	1
Mcm3ap	chr20	5290000	25870000	-0.2982	neutral	12164651	12164651	0.370094186046512	115	12162651	12166651	typical	neutral	none	MCM3AP	MCM3AP	NC_086038.1	12127060	12164651	-	ambiguous	FALSE	1	HNSC	1
Msi2	chr10	65010000	79790000	-0.1331	neutral	74007497	74007497	0.117636783616447	199	74005497	74009497	typical	neutral	none	MSI2	MSI2	NC_086028.1	73640960	74007497	-	ambiguous	FALSE	1	NB	1
Msn	chrX	56890000	85810000	-0.0364	neutral	65005546	65005546	0.867031928875145	79	65003546	65007546	hyper	neutral	promoter_hyper_only	MSN	MSN	NC_086039.1	65005546	65073512	+	ambiguous	FALSE	2	ESCA,SBCC	3
Myo5a	chr8	84450000	87990000	0.0149	neutral	84692524	84692524	0.147353644771908	164	84690524	84694524	typical	neutral	none	MYO5A	MYO5A	NC_086026.1	84692524	84860564	+	ambiguous	FALSE	2	BRCA,NB	2
Ncoa1	chr6	33190000	33610000	-0.2365	neutral	33229829	33229829	0.863753362445415	50	33227829	33231829	typical	neutral	none	NCOA1	NCOA1	NC_086024.1	32952090	33229829	-	ambiguous	FALSE	1	BRCA	1
Nefh	chr14	80590000	109084928	-0.0588	neutral	84054413	84054413	0.147463508625487	219	84052413	84056413	typical	neutral	none	NEFH	NEFH	NC_086032.1	84044428	84054413	-	ambiguous	FALSE	1	THCA	1
Nfatc2	chr3	175950000	184150000	-0.2792	neutral	177747493	177747493	0.458941414350892	137	177745493	177749493	typical	neutral	none	NFATC2	NFATC2	NC_086021.1	177615189	177747493	-	ambiguous	FALSE	2	OS,PAAD	2
Nfkb2	chr1	248250000	257170000	0.3605	neutral	255106010	255106010	0.332508274377115	122	255104010	255108010	typical	neutral	none	NFKB2	NFKB2	NC_086019.1	255106010	255114649	+	ambiguous	FALSE	2	DLBCL,MM	2
Nfkbie	chr9	16350000	44630000	-0.0758	neutral	22947872	22947872	0.174340420609884	100	22945872	22949872	typical	neutral	none	NFKBIE	NFKBIE	NC_086027.1	22941037	22947872	-	ambiguous	FALSE	4	CLL,CM,DLBCL,NHLY	6
Notch1	chr3	20030000	35050000	0.0134	neutral	29721613	29721613	0.216191189427313	176	29719613	29723613	typical	neutral	none	NOTCH1	NOTCH1	NC_086021.1	29676040	29721613	-	ambiguous	FALSE	18	ALL,CESC,CLL,DLBCL,ESCA,HNSC,LGG,LUSC,MBL,MGCT,NSCLC,OV,SBCC,SCLC,SG,SSCC,UCEC,VV	27
Notch2	chr2	184570000	191510000	0.4516	gain	188299336	188299336	0.136506649796148	150	188297336	188301336	typical	gain	amplification	NOTCH2	NOTCH2	NC_086020.1	188299336	188432823	+	ambiguous	FALSE	10	ACY,BLCA,BRCA,DLBCL,ESCA,HNSC,NHLY,PRAD,SBCC,SSCC	14
Npm1	chr10	18250000	28430000	-0.0892	neutral	18255913	18255913	0.217392566619916	143	18253913	18257913	typical	neutral	none	NPM1	NPM1	NC_086028.1	18245739	18255913	-	ambiguous	FALSE	1	AML	1
Nsd2	chr14	80590000	109084928	-0.0588	neutral	81135866	81135866	0.0845874310620887	288	81133866	81137866	hypo	neutral	promoter_hypo_only	NSD2	NSD2	NC_086032.1	81057727	81135866	-	ambiguous	FALSE	1	ALL	1
Pabpc1	chr7	67490000	83070000	0.0409	neutral	69674806	69674806	0.0856275931424193	227	69672806	69676806	hypo	neutral	promoter_hypo_only	PABPC1	PABPC1	NC_086025.1	69662513	69674806	-	ambiguous	FALSE	4	DLBCL,LUSC,MM,THCA	5
Parp4	chr15	30430000	37510000	-0.0478	neutral	34806203	34806203	0.48529404372958	90	34804203	34808203	typical	neutral	none	PARP4	PARP4	NC_086033.1	34806203	34908492	+	ambiguous	FALSE	2	COREAD,MM	2
Pdpr	chr19	55090000	66490000	-0.4103	loss	55974611	55974611	0.122907884057971	133	55972611	55976611	typical	loss	het_loss	PDPR	PDPR	NC_086037.1	55974611	56019045	+	ambiguous	FALSE	1	THCA	1
Pole	chr12	52010000	52304415	0.23	neutral	52053761	52053761	0.170442461441611	128	52051761	52055761	typical	neutral	none	POLE	POLE	NC_086030.1	52005155	52053761	-	ambiguous	FALSE	3	CESC,SBCC,UCEC	3
Polq	chr11	58230000	77950000	0.2027	neutral	77281270	77281270	0.251361483409239	98	77279270	77283270	typical	neutral	none	POLQ	POLQ	NC_086029.1	77179190	77281270	-	ambiguous	FALSE	5	CESC,CM,LUSC,SSCC,UCEC	6
Pou2f2	chr1	87450000	90550000	-0.4673	loss	89897560	89897560	0.338953646368305	177	89895560	89899560	typical	loss	het_loss	POU2F2	POU2F2	NC_086019.1	89810153	89897560	-	ambiguous	FALSE	2	DLBCL,NHLY	3
Prkd2	chr1	85710000	86930000	-0.3919	neutral	86640095	86640095	0.500648376623377	61	86638095	86642095	typical	neutral	none	PRKD2	PRKD2	NC_086019.1	86640095	86670476	+	ambiguous	FALSE	1	MM	1
Ptprb	chr7	29810000	55350000	-0.0011	neutral	53816197	53816197	0.731551018560435	64	53814197	53818197	typical	neutral	none	PTPRB	PTPRB	NC_086025.1	53816197	53920760	+	ambiguous	FALSE	3	ANGS,CM,OV	3
Rbm38	chr3	175950000	184150000	-0.2792	neutral	182219898	182219898	0.234940344544709	202	182217898	182221898	typical	neutral	none	RBM38	RBM38	NC_086021.1	182219898	182232723	+	ambiguous	FALSE	1	DLBCL	1
Rhpn2	chr1	92650000	97250000	-0.3971	neutral	97128054	97128054	0.129962715741318	148	97126054	97130054	typical	neutral	none	RHPN2	RHPN2	NC_086019.1	97128054	97188803	+	ambiguous	FALSE	3	BRCA,LUSC,THCA	3
Ripk1	chr17	27610000	36030000	-0.0166	neutral	31077167	31077167	0.140865219443134	107	31075167	31079167	typical	neutral	none	RIPK1	RIPK1	NC_086035.1	31044983	31077167	-	ambiguous	FALSE	1	CLL	1
Rps3a	chr2	154310000	178710000	-0.0152	neutral	173827042	173827042	0.193580867242088	99	173825042	173829042	typical	neutral	none	RPS3A	RPS3A	NC_086020.1	173822673	173827042	-	ambiguous	FALSE	1	MM	1
Runx1	chr11	13370000	58150000	0.1644	neutral	45560300	45560300	0.258707684964201	79	45558300	45562300	typical	neutral	none	RUNX1	RUNX1	NC_086029.1	45325778	45560300	-	ambiguous	FALSE	4	ACY,ALL,AML,BRCA	5
Sgk1	chr1	23910000	30190000	0.0136	neutral	24916886	24916886	0.877373797999355	77	24914886	24918886	hyper	neutral	promoter_hyper_only	SGK1	SGK1	NC_086019.1	24799391	24916886	-	ambiguous	FALSE	3	DLBCL,LY,NHLY	5
Sh2b3	chr12	37070000	41730000	-0.4441	loss	40391755	40391755	0.310575802925845	223	40389755	40393755	typical	loss	het_loss	SH2B3	SH2B3	NC_086030.1	40391755	40414336	+	ambiguous	FALSE	1	MDPS	1
Smarcd1	chr7	131950000	133790000	-0.1555	neutral	132708627	132708627	0.223941304347826	119	132706627	132710627	typical	neutral	none	SMARCD1	SMARCD1	NC_086025.1	132708627	132719167	+	ambiguous	FALSE	1	BRCA	1
Sp140	chr9	44770000	94510000	-0.0019	neutral	93672536	93672536	0.145459379157428	59	93670536	93674536	typical	neutral	none	SP140	SP140	NC_086027.1	93672536	93722596	+	ambiguous	FALSE	1	MM	1
Stat3	chr10	85210000	107290000	-0.3096	neutral	86363513	86363513	0.22420774522293	98	86361513	86365513	typical	neutral	none	STAT3	STAT3	NC_086028.1	86311528	86363513	-	ambiguous	FALSE	2	DLBCL,NHLY	5
Stat5b	chr10	85210000	107290000	-0.3096	neutral	86276178	86276178	0.206819786707294	180	86274178	86278178	typical	neutral	none	STAT5B	STAT5B	NC_086028.1	86205148	86276178	-	ambiguous	FALSE	1	OV	1
Stil	chr5	133010000	136390000	-0.2461	neutral	133757598	133757598	0.132802962515115	100	133755598	133759598	typical	neutral	none	STIL	STIL	NC_086023.1	133757598	133810493	+	ambiguous	FALSE	1	CESC	1
Strn	chr6	5810000	28810000	0.03	neutral	22087419	22087419	0.115271037463977	115	22085419	22089419	typical	neutral	none	STRN	STRN	NC_086024.1	22087419	22174284	+	ambiguous	FALSE	1	PRAD	1
Taf15	chr10	65010000	79790000	-0.1331	neutral	68770408	68770408	0.12770636030636	134	68768408	68772408	typical	neutral	none	TAF15	TAF15	NC_086028.1	68770408	68802458	+	ambiguous	FALSE	1	BLCA	1
Tnc	chr5	80650000	84830000	0.0122	neutral	82476197	82476197	0.311251268458917	64	82474197	82478197	typical	neutral	none	TNC	TNC	NC_086023.1	82391340	82476197	-	ambiguous	FALSE	4	ACC,AML,LUSC,NB	4
Tp63	chr11	83790000	89590000	0.146	neutral	88554543	88554543	0.738349285270354	36	88552543	88556543	typical	neutral	none	TP63	TP63	NC_086029.1	88343647	88554543	-	ambiguous	FALSE	4	BLCA,HNSC,NB,UCEC	4
Trim33	chr2	193410000	193590000	0.6972	gain	193495743	193495743	0.817427883817427	16	193493743	193497743	typical	gain	amplification	TRIM33	TRIM33	NC_086020.1	193495743	193588595	+	ambiguous	FALSE	1	MBL	2
Trrap	chr12	14610000	21010000	-0.5066	loss	14941444	14941444	0.275675433032447	142	14939444	14943444	typical	loss	het_loss	TRRAP	TRRAP	NC_086030.1	14851758	14941444	-	ambiguous	FALSE	8	ACY,BLCA,CH,CM,ESCA,HNSC,LEIS,MM	9
Ubr5	chr7	67490000	83070000	0.0409	neutral	71109841	71109841	0.127430897294651	205	71107841	71111841	typical	neutral	none	UBR5	UBR5	NC_086025.1	71000197	71109841	-	ambiguous	FALSE	4	CM,DLBCL,MM,RCH	4
Wnk4	chr10	85210000	107290000	-0.3096	neutral	86702828	86702828	0.333068913560666	103	86700828	86704828	typical	neutral	none	WNK4	WNK4	NC_086028.1	86702828	86719917	+	ambiguous	FALSE	1	MBL	1
Zbtb16	chr8	47070000	63930000	-0.0933	neutral	58073507	58073507	0.291212979489588	217	58071507	58075507	typical	neutral	none	ZBTB16	ZBTB16	NC_086026.1	57885886	58073507	-	ambiguous	FALSE	3	BRCA,ESCA,PRAD	3
